_id,openalex_id,abstract,authors,citation_count,concepts,created_at,doi,publication_date,title
68c01295a55ba3d68128af6b,W3023540311,,[],50015,"[{'name': 'Computer science', 'level': 0, 'score': 0.64090496}, {'name': 'Artificial intelligence', 'level': 1, 'score': 0.48252818}, {'name': 'Machine learning', 'level': 1, 'score': 0.4684337}, {'name': 'Quality control and genetic algorithms', 'level': 4, 'score': 0.45153812}, {'name': 'Algorithm', 'level': 1, 'score': 0.39135778}]",2025-09-09 16:42:12.875,https://doi.org/10.5860/choice.27-0936,1989-10-01,"Genetic algorithms in search, optimization, and machine learning"
68c01295a55ba3d68128af6c,W2153635508,,"[{'name': 'Chih-Chung Chang', 'id': 'https://openalex.org/A5103432521'}, {'name': 'Chih‐Jen Lin', 'id': 'https://openalex.org/A5068223640'}]",41121,"[{'name': 'Computer science', 'level': 0, 'score': 0.9018539}, {'name': 'Support vector machine', 'level': 2, 'score': 0.7129232}, {'name': 'Popularity', 'level': 2, 'score': 0.6622348}, {'name': 'Machine learning', 'level': 1, 'score': 0.55520135}, {'name': 'Artificial intelligence', 'level': 1, 'score': 0.518459}]",2025-09-09 16:42:13.058,https://doi.org/10.1145/1961189.1961199,2011-04-01,LIBSVM
68c01295a55ba3d68128af6d,W1973948212,,"[{'name': 'David W. Hosmer', 'id': 'https://openalex.org/A5109437770'}, {'name': 'Stanley Lemeshow', 'id': 'https://openalex.org/A5109125505'}]",36786,"[{'name': 'Logistic regression', 'level': 2, 'score': 0.7654667}, {'name': 'Statistics', 'level': 1, 'score': 0.4632064}, {'name': 'Regression', 'level': 2, 'score': 0.4276684}, {'name': 'Mathematics', 'level': 0, 'score': 0.29104346}]",2025-09-09 16:42:13.242,https://doi.org/10.5860/choice.27-3338,1990-02-01,Applied logistic regression
68c01295a55ba3d68128af6e,W2095705004,,"[{'name': 'Nitish Srivastava', 'id': 'https://openalex.org/A5103070090'}, {'name': 'Geoffrey E. Hinton', 'id': 'https://openalex.org/A5108093963'}, {'name': 'Alex Krizhevsky', 'id': 'https://openalex.org/A5031152245'}, {'name': 'Ilya Sutskever', 'id': 'https://openalex.org/A5006446297'}, {'name': 'Ruslan Salakhutdinov', 'id': 'https://openalex.org/A5071983998'}]",34423,"[{'name': 'Overfitting', 'level': 3, 'score': 0.970073}, {'name': 'Dropout (neural networks)', 'level': 2, 'score': 0.90460396}, {'name': 'Computer science', 'level': 0, 'score': 0.7200087}, {'name': 'Artificial intelligence', 'level': 1, 'score': 0.70027345}, {'name': 'Artificial neural network', 'level': 2, 'score': 0.6955675}]",2025-09-09 16:47:23.207,,2014-01-01,Dropout: a simple way to prevent neural networks from overfitting
68c01295a55ba3d68128af70,W3177828909,,"[{'name': 'John Jumper', 'id': 'https://openalex.org/A5059179935'}, {'name': 'K Taki', 'id': 'https://openalex.org/A5017082774'}, {'name': 'Alexander Pritzel', 'id': 'https://openalex.org/A5062883663'}, {'name': 'Tim Green', 'id': 'https://openalex.org/A5101569668'}, {'name': 'Michael Figurnov', 'id': 'https://openalex.org/A5004531184'}, {'name': 'Olaf Ronneberger', 'id': 'https://openalex.org/A5045981348'}, {'name': 'Kathryn Tunyasuvunakool', 'id': 'https://openalex.org/A5079389977'}, {'name': 'Russ Bates', 'id': 'https://openalex.org/A5113989875'}, {'name': 'Augustin Žídek', 'id': 'https://openalex.org/A5009567462'}, {'name': 'Anna Potapenko', 'id': 'https://openalex.org/A5030626083'}, {'name': 'Alex Bridgland', 'id': 'https://openalex.org/A5027154958'}, {'name': 'Clemens Meyer', 'id': 'https://openalex.org/A5067459456'}, {'name': 'Simon Köhl', 'id': 'https://openalex.org/A5054576402'}, {'name': 'Andrew J. Ballard', 'id': 'https://openalex.org/A5079907259'}, {'name': 'Andrew Cowie', 'id': 'https://openalex.org/A5085902321'}, {'name': 'Bernardino Romera‐Paredes', 'id': 'https://openalex.org/A5088601308'}, {'name': 'Stanislav Nikolov', 'id': 'https://openalex.org/A5051623730'}, {'name': 'Rishub Jain', 'id': 'https://openalex.org/A5019154965'}, {'name': 'Jonas Adler', 'id': 'https://openalex.org/A5088186812'}, {'name': 'Trevor Back', 'id': 'https://openalex.org/A5051168505'}, {'name': 'Stig Petersen', 'id': 'https://openalex.org/A5050109164'}, {'name': 'David Reiman', 'id': 'https://openalex.org/A5009240058'}, {'name': 'Ellen Clancy', 'id': 'https://openalex.org/A5046346579'}, {'name': 'Michał Zieliński', 'id': 'https://openalex.org/A5101599399'}, {'name': 'Martin Steinegger', 'id': 'https://openalex.org/A5019985343'}, {'name': 'Michalina Pacholska', 'id': 'https://openalex.org/A5034531389'}, {'name': 'Tamas Berghammer', 'id': 'https://openalex.org/A5041605654'}, {'name': 'Sebastian W. Bodenstein', 'id': 'https://openalex.org/A5063529978'}, {'name': 'David Silver', 'id': 'https://openalex.org/A5091771290'}, {'name': 'Oriol Vinyals', 'id': 'https://openalex.org/A5003562101'}, {'name': 'Andrew Senior', 'id': 'https://openalex.org/A5079708487'}, {'name': 'Koray Kavukcuoglu', 'id': 'https://openalex.org/A5090341705'}, {'name': 'Pushmeet Kohli', 'id': 'https://openalex.org/A5013834379'}, {'name': 'Demis Hassabis', 'id': 'https://openalex.org/A5005349213'}]",33974,"[{'name': 'Protein structure prediction', 'level': 3, 'score': 0.7714698}, {'name': 'Computer science', 'level': 0, 'score': 0.6746794}, {'name': 'CASP', 'level': 4, 'score': 0.5622652}, {'name': 'Protein structure', 'level': 2, 'score': 0.5548337}, {'name': 'Threading (protein sequence)', 'level': 3, 'score': 0.5025039}]",2025-09-09 16:47:23.208,https://doi.org/10.1038/s41586-021-03819-2,2021-07-15,Highly accurate protein structure prediction with AlphaFold
68c01295a55ba3d68128af71,W1570448133,,"[{'name': 'Ian H. Witten', 'id': 'https://openalex.org/A5045934263'}, {'name': 'Eibe Frank', 'id': 'https://openalex.org/A5059992863'}, {'name': 'Mark A. Hall', 'id': 'https://openalex.org/A5065290010'}]",25397,"[{'name': 'Computer science', 'level': 0, 'score': 0.6216986}, {'name': 'Machine learning', 'level': 1, 'score': 0.4014176}, {'name': 'Data science', 'level': 1, 'score': 0.38110352}, {'name': 'Data mining', 'level': 1, 'score': 0.37173492}, {'name': 'Artificial intelligence', 'level': 1, 'score': 0.3705868}]",2025-09-09 16:42:13.804,https://doi.org/10.1016/c2009-0-19715-5,2011-01-01,Data Mining: Practical Machine Learning Tools and Techniques
68c01296a55ba3d68128af72,W3120740533,,"[{'name': 'Arthur Asuncion', 'id': 'https://openalex.org/A5011959718'}]",25129,"[{'name': 'Computer science', 'level': 0, 'score': 0.49749663}, {'name': 'Artificial intelligence', 'level': 1, 'score': 0.4516163}]",2025-09-09 16:42:13.985,,2007-01-01,UCI Machine Learning Repository
68c01296a55ba3d68128af73,W2125055259,,"[{'name': 'J. R. Quinlan', 'id': 'https://openalex.org/A5110271944'}]",24189,"[{'name': 'Computer science', 'level': 0, 'score': 0.7494493}, {'name': 'Unix', 'level': 3, 'score': 0.7103578}, {'name': 'Classifier (UML)', 'level': 2, 'score': 0.5452554}, {'name': 'Machine learning', 'level': 1, 'score': 0.5430417}, {'name': 'Artificial intelligence', 'level': 1, 'score': 0.52931875}]",2025-09-09 16:42:14.163,,1992-10-15,C4.5: Programs for Machine Learning
68c01296a55ba3d68128af74,W1663973292,,"[{'name': 'Christopher Bishop', 'id': 'https://openalex.org/A5107867713'}]",22837,"[{'name': 'Computer science', 'level': 0, 'score': 0.59928817}, {'name': 'Imaging science', 'level': 2, 'score': 0.52191925}, {'name': 'Cover (algebra)', 'level': 2, 'score': 0.45677653}, {'name': 'Data science', 'level': 1, 'score': 0.4510306}, {'name': 'Artificial intelligence', 'level': 1, 'score': 0.41892093}]",2025-09-09 16:42:14.342,https://doi.org/10.1117/1.2819119,2007-01-01,Pattern Recognition and Machine Learning
68c01296a55ba3d68128af75,W2157331557,,"[{'name': 'Kyunghyun Cho', 'id': 'https://openalex.org/A5030087918'}, {'name': 'Bart van Merriënboer', 'id': 'https://openalex.org/A5057127344'}, {'name': 'Çağlar Gülçehre', 'id': 'https://openalex.org/A5041145688'}, {'name': 'Dzmitry Bahdanau', 'id': 'https://openalex.org/A5010465328'}, {'name': 'Fethi Bougares', 'id': 'https://openalex.org/A5079465565'}, {'name': 'Holger Schwenk', 'id': 'https://openalex.org/A5015857371'}, {'name': 'Yoshua Bengio', 'id': 'https://openalex.org/A5086198262'}]",22383,"[{'name': 'Machine translation', 'level': 2, 'score': 0.8681345}, {'name': 'Computer science', 'level': 0, 'score': 0.78732455}, {'name': 'Phrase', 'level': 2, 'score': 0.7133226}, {'name': 'Natural language processing', 'level': 1, 'score': 0.6715017}, {'name': 'Artificial intelligence', 'level': 1, 'score': 0.62967163}]",2025-09-09 16:42:14.523,https://doi.org/10.3115/v1/d14-1179,2014-01-01,Learning Phrase Representations using RNN Encoder–Decoder for Statistical Machine Translation
68c01296a55ba3d68128af76,W2165698076,,"[{'name': 'Sinno Jialin Pan', 'id': 'https://openalex.org/A5082984558'}, {'name': 'Qiang Yang', 'id': 'https://openalex.org/A5100636286'}]",21274,"[{'name': 'Transfer of learning', 'level': 2, 'score': 0.82547545}, {'name': 'Computer science', 'level': 0, 'score': 0.7869761}, {'name': 'Inductive transfer', 'level': 5, 'score': 0.71661556}, {'name': 'Machine learning', 'level': 1, 'score': 0.69508684}, {'name': 'Artificial intelligence', 'level': 1, 'score': 0.6332723}]",2025-09-09 16:42:14.703,https://doi.org/10.1109/tkde.2009.191,2009-10-16,A Survey on Transfer Learning
68c01297a55ba3d68128af77,W1554944419,,"[{'name': 'Trevor Hastie', 'id': 'https://openalex.org/A5045744709'}, {'name': 'Robert Tibshirani', 'id': 'https://openalex.org/A5027340494'}, {'name': 'Jerome H. Friedman', 'id': 'https://openalex.org/A5020427483'}]",18995,"[{'name': 'Artificial intelligence', 'level': 1, 'score': 0.5834159}, {'name': 'Computer science', 'level': 0, 'score': 0.5829743}, {'name': 'Machine learning', 'level': 1, 'score': 0.5663596}, {'name': 'Cluster analysis', 'level': 2, 'score': 0.55285305}, {'name': 'Data science', 'level': 1, 'score': 0.51157624}]",2025-09-09 16:42:14.882,,2013-07-28,"The Elements of Statistical Learning: Data Mining, Inference, and Prediction"
68c01297a55ba3d68128af78,W4211049957,,"[{'name': 'Carl Edward Rasmussen', 'id': 'https://openalex.org/A5108711177'}, {'name': 'Christopher K. I. Williams', 'id': 'https://openalex.org/A5080713659'}]",18813,"[{'name': 'Artificial intelligence', 'level': 1, 'score': 0.5938202}, {'name': 'Computer science', 'level': 0, 'score': 0.5672316}, {'name': 'Machine learning', 'level': 1, 'score': 0.56226027}, {'name': 'Gaussian process', 'level': 3, 'score': 0.41299593}, {'name': 'Gaussian', 'level': 2, 'score': 0.40530026}]",2025-09-09 16:42:15.065,https://doi.org/10.7551/mitpress/3206.001.0001,2005-11-23,Gaussian Processes for Machine Learning
68c01297a55ba3d68128af79,W273955616,,"[{'name': 'Andy Liaw', 'id': 'https://openalex.org/A5018772991'}, {'name': 'Matthew C. Wiener', 'id': 'https://openalex.org/A5007077635'}]",18222,"[{'name': 'Random forest', 'level': 2, 'score': 0.73819274}, {'name': 'Boosting (machine learning)', 'level': 2, 'score': 0.57627416}, {'name': 'Overfitting', 'level': 3, 'score': 0.55641866}, {'name': 'Artificial intelligence', 'level': 1, 'score': 0.5348071}, {'name': 'Computer science', 'level': 0, 'score': 0.52488273}]",2025-09-09 16:42:15.244,,2007-01-01,Classification and Regression by randomForest
68c01297a55ba3d68128af7a,W2164598857,,"[{'name': 'Paul Viola', 'id': 'https://openalex.org/A5042310818'}, {'name': 'Michael Jones', 'id': 'https://openalex.org/A5064275902'}]",17351,"[{'name': 'Computer science', 'level': 0, 'score': 0.7954464}, {'name': 'Object detection', 'level': 3, 'score': 0.7843468}, {'name': 'Artificial intelligence', 'level': 1, 'score': 0.7726973}, {'name': 'Viola–Jones object detection framework', 'level': 5, 'score': 0.73294556}, {'name': 'AdaBoost', 'level': 3, 'score': 0.7007916}]",2025-09-09 16:42:15.425,https://doi.org/10.1109/cvpr.2001.990517,2005-08-24,Rapid object detection using a boosted cascade of simple features
68c01297a55ba3d68128af7b,W4295312788,,"[{'name': 'Adam Paszke', 'id': 'https://openalex.org/A5004759214'}, {'name': 'Sam Gross', 'id': 'https://openalex.org/A5084196073'}, {'name': 'Francisco Massa', 'id': 'https://openalex.org/A5032569443'}, {'name': 'Adam Lerer', 'id': 'https://openalex.org/A5029862712'}, {'name': 'James T. Bradbury', 'id': 'https://openalex.org/A5052263308'}, {'name': 'Gregory Chanan', 'id': 'https://openalex.org/A5032983950'}, {'name': 'Trevor Killeen', 'id': 'https://openalex.org/A5087309905'}, {'name': 'Zeming Lin', 'id': 'https://openalex.org/A5100561082'}, {'name': 'Natalia Gimelshein', 'id': 'https://openalex.org/A5078016863'}, {'name': 'Luca Antiga', 'id': 'https://openalex.org/A5102937362'}, {'name': 'Alban Desmaison', 'id': 'https://openalex.org/A5027893749'}, {'name': 'Andreas Köpf', 'id': 'https://openalex.org/A5072194159'}, {'name': 'Edward Yang', 'id': 'https://openalex.org/A5101678357'}, {'name': 'Zach DeVito', 'id': 'https://openalex.org/A5005508776'}, {'name': 'Martin Raison', 'id': 'https://openalex.org/A5029482260'}, {'name': 'Alykhan Tejani', 'id': 'https://openalex.org/A5061046370'}, {'name': 'Sasank Chilamkurthy', 'id': 'https://openalex.org/A5036644592'}, {'name': 'Benoit Steiner', 'id': 'https://openalex.org/A5028992619'}, {'name': 'Lu Fang', 'id': 'https://openalex.org/A5101694869'}, {'name': 'Junjie Bai', 'id': 'https://openalex.org/A5103029322'}, {'name': 'Soumith Chintala', 'id': 'https://openalex.org/A5002078510'}]",16496,"[{'name': 'Computer science', 'level': 0, 'score': 0.8491925}, {'name': 'Debugging', 'level': 2, 'score': 0.76505315}, {'name': 'Python (programming language)', 'level': 2, 'score': 0.7257665}, {'name': 'Programming style', 'level': 2, 'score': 0.6418969}, {'name': 'Deep learning', 'level': 2, 'score': 0.5919753}]",2025-09-09 16:42:15.621,https://doi.org/10.48550/arxiv.1912.01703,2019-01-01,"PyTorch: An Imperative Style, High-Performance Deep Learning Library"
68c01297a55ba3d68128af7c,W4251751280,,"[{'name': 'Koichiro Tamura', 'id': 'https://openalex.org/A5007823743'}, {'name': 'Glen Stecher', 'id': 'https://openalex.org/A5067791761'}, {'name': 'Sudhir Kumar', 'id': 'https://openalex.org/A5100680948'}]",16196,"[{'name': 'Biology', 'level': 0, 'score': 0.5286983}, {'name': 'Sampling (signal processing)', 'level': 3, 'score': 0.48352313}, {'name': 'Computer science', 'level': 0, 'score': 0.47669455}, {'name': 'Graphical user interface', 'level': 2, 'score': 0.47235048}, {'name': 'Node (physics)', 'level': 2, 'score': 0.45716393}]",2025-09-09 16:42:15.806,https://doi.org/10.1093/molbev/msab120,2021-04-22,MEGA11: Molecular Evolutionary Genetics Analysis Version 11
68c01298a55ba3d68128af7d,W2964308564,,"[{'name': 'Dzmitry Bahdanau', 'id': 'https://openalex.org/A5010465328'}, {'name': 'Kyunghyun Cho', 'id': 'https://openalex.org/A5091175785'}, {'name': 'Yoshua Bengio', 'id': 'https://openalex.org/A5086198262'}]",15339,"[{'name': 'Machine translation', 'level': 2, 'score': 0.9035278}, {'name': 'Computer science', 'level': 0, 'score': 0.8403049}, {'name': 'Transfer-based machine translation', 'level': 4, 'score': 0.7703067}, {'name': 'Example-based machine translation', 'level': 3, 'score': 0.6705634}, {'name': 'Artificial intelligence', 'level': 1, 'score': 0.6117046}]",2025-09-09 16:42:15.986,,2015-01-01,Neural Machine Translation by Jointly Learning to Align and Translate
68c01298a55ba3d68128af7e,W1639032689,,"[{'name': 'David E. Goldberg', 'id': 'https://openalex.org/A5110057218'}]",15272,"[{'name': 'Pascal (unit)', 'level': 2, 'score': 0.8266515}, {'name': 'Computer science', 'level': 0, 'score': 0.69435835}, {'name': 'Genetic programming', 'level': 2, 'score': 0.62258506}, {'name': 'Genetic algorithm', 'level': 2, 'score': 0.47584674}, {'name': 'Machine learning', 'level': 1, 'score': 0.45869488}]",2025-09-09 16:42:16.169,,1988-09-01,"Genetic algorithms in search, optimization, and machine learning"
68c01298a55ba3d68128af7f,W2990138404,,[],15151,"[{'name': 'Presentation (obstetrics)', 'level': 2, 'score': 0.7832818}, {'name': 'Computer science', 'level': 0, 'score': 0.6626911}, {'name': 'Artificial intelligence', 'level': 1, 'score': 0.51723653}, {'name': 'Artificial neural network', 'level': 2, 'score': 0.49569237}, {'name': 'Neural system', 'level': 2, 'score': 0.4920661}]",2025-09-09 16:42:16.349,https://doi.org/10.7551/mitpress/7503.001.0001,2007-09-07,Advances in Neural Information Processing Systems 19
68c01298a55ba3d68128af80,W1659842140,,"[{'name': 'John H. Holland', 'id': 'https://openalex.org/A5071875770'}]",14691,"[{'name': 'Adaptation (eye)', 'level': 2, 'score': 0.8467741}, {'name': 'Natural (archaeology)', 'level': 2, 'score': 0.64285886}, {'name': 'Computer science', 'level': 0, 'score': 0.49479097}, {'name': 'Artificial intelligence', 'level': 1, 'score': 0.3328411}, {'name': 'Psychology', 'level': 0, 'score': 0.18092659}]",2025-09-09 16:42:16.528,https://doi.org/10.7551/mitpress/1090.001.0001,1992-04-29,Adaptation in Natural and Artificial Systems
68c01298a55ba3d68128af81,W2133564696,,"[{'name': 'Dzmitry Bahdanau', 'id': 'https://openalex.org/A5010465328'}, {'name': 'Kyunghyun Cho', 'id': 'https://openalex.org/A5091175785'}, {'name': 'Yoshua Bengio', 'id': 'https://openalex.org/A5086198262'}]",14363,"[{'name': 'Machine translation', 'level': 2, 'score': 0.89048815}, {'name': 'Computer science', 'level': 0, 'score': 0.8341515}, {'name': 'Transfer-based machine translation', 'level': 4, 'score': 0.7410911}, {'name': 'Example-based machine translation', 'level': 3, 'score': 0.6827506}, {'name': 'Sentence', 'level': 2, 'score': 0.6474552}]",2025-09-09 16:42:16.706,,2014-09-01,Neural Machine Translation by Jointly Learning to Align and Translate
68c01299a55ba3d68128af82,W1563088657,,"[{'name': 'Nello Cristianini', 'id': 'https://openalex.org/A5083307694'}, {'name': 'John Shawe‐Taylor', 'id': 'https://openalex.org/A5047980012'}]",13779,"[{'name': 'Computer science', 'level': 0, 'score': 0.7553319}, {'name': 'GRASP', 'level': 2, 'score': 0.6769353}, {'name': 'Support vector machine', 'level': 2, 'score': 0.67463017}, {'name': 'Point (geometry)', 'level': 2, 'score': 0.60894567}, {'name': 'Artificial intelligence', 'level': 1, 'score': 0.5675322}]",2025-09-09 16:42:16.886,https://doi.org/10.1017/cbo9780511801389,2000-03-23,An Introduction to Support Vector Machines and Other Kernel-based Learning Methods
68c01299a55ba3d68128af83,W1821462560,,"[{'name': 'Geoffrey E. Hinton', 'id': 'https://openalex.org/A5108093963'}, {'name': 'Oriol Vinyals', 'id': 'https://openalex.org/A5003562101'}, {'name': 'Jay B. Dean', 'id': 'https://openalex.org/A5043872671'}]",13714,"[{'name': 'Artificial neural network', 'level': 2, 'score': 0.60988045}, {'name': 'Computer science', 'level': 0, 'score': 0.4878826}, {'name': 'Artificial intelligence', 'level': 1, 'score': 0.37004066}]",2025-09-09 16:42:17.067,https://doi.org/10.48550/arxiv.1503.02531,2015-01-01,Distilling the Knowledge in a Neural Network
68c01299a55ba3d68128af84,W2164278908,,"[{'name': 'Stephen Boyd', 'id': 'https://openalex.org/A5011176205'}]",13237,"[{'name': 'Computer science', 'level': 0, 'score': 0.65386045}, {'name': 'Optimization problem', 'level': 2, 'score': 0.51913375}, {'name': 'Convex optimization', 'level': 3, 'score': 0.46302098}, {'name': 'Mathematical optimization', 'level': 1, 'score': 0.45560473}, {'name': 'Regular polygon', 'level': 2, 'score': 0.3858559}]",2025-09-09 16:42:17.248,https://doi.org/10.1561/9781601984616,2010-01-01,Distributed Optimization and Statistical Learning via the Alternating Direction Method of Multipliers
68c0129ba55ba3d68128af85,W1532325895,,"[{'name': 'Christopher D. Manning', 'id': 'https://openalex.org/A5046006076'}, {'name': 'Prabhakar Raghavan', 'id': 'https://openalex.org/A5078491738'}, {'name': 'Hinrich Schütze', 'id': 'https://openalex.org/A5071144367'}]",13019,"[{'name': 'Information retrieval', 'level': 1, 'score': 0.6333389}, {'name': 'Computer science', 'level': 0, 'score': 0.5044924}]",2025-09-09 16:42:19.685,https://doi.org/10.5860/choice.46-2715,2009-01-01,Introduction to information retrieval
68c0129ca55ba3d68128af86,W2111072639,,"[{'name': 'Guang-Bin Huang', 'id': 'https://openalex.org/A5061746912'}, {'name': 'Qinyu Zhu', 'id': 'https://openalex.org/A5012557589'}, {'name': 'Chee-Kheong Siew', 'id': 'https://openalex.org/A5110206822'}]",12567,"[{'name': 'Extreme learning machine', 'level': 3, 'score': 0.829756}, {'name': 'Computer science', 'level': 0, 'score': 0.7424055}, {'name': 'Bottleneck', 'level': 2, 'score': 0.7083554}, {'name': 'Generalization', 'level': 2, 'score': 0.67778337}, {'name': 'Feedforward neural network', 'level': 3, 'score': 0.66893196}]",2025-09-09 16:42:19.866,https://doi.org/10.1016/j.neucom.2005.12.126,2006-05-17,Extreme learning machine: Theory and applications
68c0129ca55ba3d68128af87,W2282821441,,"[{'name': 'Marco Túlio Ribeiro', 'id': 'https://openalex.org/A5019726734'}, {'name': 'Sameer Singh', 'id': 'https://openalex.org/A5005779128'}, {'name': 'Carlos Guestrin', 'id': 'https://openalex.org/A5090739892'}]",12385,"[{'name': 'Trustworthiness', 'level': 2, 'score': 0.8016268}, {'name': 'Computer science', 'level': 0, 'score': 0.71057355}, {'name': 'Action (physics)', 'level': 2, 'score': 0.58735865}, {'name': 'Data science', 'level': 1, 'score': 0.43369687}, {'name': 'Data modeling', 'level': 2, 'score': 0.4123538}]",2025-09-09 16:42:20.049,https://doi.org/10.1145/2939672.2939778,2016-08-08,"""Why Should I Trust You?"""
68c0129ca55ba3d68128af88,W2163922914,,"[{'name': 'Yoshua Bengio', 'id': 'https://openalex.org/A5086198262'}, {'name': 'Aaron Courville', 'id': 'https://openalex.org/A5112608251'}, {'name': 'P. M. Durai Raj Vincent', 'id': 'https://openalex.org/A5050254224'}]",12009,"[{'name': 'Artificial intelligence', 'level': 1, 'score': 0.7511112}, {'name': 'Feature learning', 'level': 2, 'score': 0.73508334}, {'name': 'Computer science', 'level': 0, 'score': 0.7113812}, {'name': 'Machine learning', 'level': 1, 'score': 0.7021185}, {'name': 'Representation (politics)', 'level': 3, 'score': 0.6401011}]",2025-09-09 16:42:20.230,https://doi.org/10.1109/tpami.2013.50,2013-05-31,Representation Learning: A Review and New Perspectives
68c0129ca55ba3d68128af89,W1665214252,,"[{'name': 'Vinod Nair', 'id': 'https://openalex.org/A5102382576'}, {'name': 'Geoffrey E. Hinton', 'id': 'https://openalex.org/A5108093963'}]",11804,"[{'name': 'Boltzmann machine', 'level': 3, 'score': 0.76461935}, {'name': 'Binary number', 'level': 2, 'score': 0.76335806}, {'name': 'Sigmoid function', 'level': 3, 'score': 0.6052842}, {'name': 'Computer science', 'level': 0, 'score': 0.576664}, {'name': 'Object (grammar)', 'level': 2, 'score': 0.5711498}]",2025-09-09 16:42:20.412,,2010-06-21,Rectified Linear Units Improve Restricted Boltzmann Machines
68c013cba55ba3d68128afb7,W2194775991,,"[{'name': 'Kaiming He', 'id': 'https://openalex.org/A5100700361'}, {'name': 'Xiangyu Zhang', 'id': 'https://openalex.org/A5100362465'}, {'name': 'Shaoqing Ren', 'id': 'https://openalex.org/A5100824251'}, {'name': 'Jian Sun', 'id': 'https://openalex.org/A5100785015'}]",193757,"[{'name': 'Residual', 'level': 2, 'score': 0.91328824}, {'name': 'Computer science', 'level': 0, 'score': 0.7827219}, {'name': 'Coco', 'level': 2, 'score': 0.7302752}, {'name': 'Artificial intelligence', 'level': 1, 'score': 0.7211458}, {'name': 'Object detection', 'level': 3, 'score': 0.60773295}]",2025-09-09 16:47:23.205,https://doi.org/10.1109/cvpr.2016.90,2016-06-01,Deep Residual Learning for Image Recognition
68c013cba55ba3d68128afb8,W1836465849,,"[{'name': 'Sergey Ioffe', 'id': 'https://openalex.org/A5032800189'}, {'name': 'Christian Szegedy', 'id': 'https://openalex.org/A5002183320'}]",21545,"[{'name': 'Covariate', 'level': 2, 'score': 0.819994}, {'name': 'Normalization (sociology)', 'level': 2, 'score': 0.8170587}, {'name': 'Computer science', 'level': 0, 'score': 0.4676677}, {'name': 'Training (meteorology)', 'level': 2, 'score': 0.44531235}, {'name': 'Econometrics', 'level': 1, 'score': 0.42585146}]",2025-09-09 16:47:23.209,https://doi.org/10.48550/arxiv.1502.03167,2015-01-01,Batch Normalization: Accelerating Deep Network Training by Reducing Internal Covariate Shift
68c013cba55ba3d68128afb9,W2412782625,,"[{'name': 'Liang-Chieh Chen', 'id': 'https://openalex.org/A5103273466'}, {'name': 'George Papandreou', 'id': 'https://openalex.org/A5034294456'}, {'name': 'Iasonas Kokkinos', 'id': 'https://openalex.org/A5077035803'}, {'name': 'Kevin Murphy', 'id': 'https://openalex.org/A5002713363'}, {'name': 'Alan Yuille', 'id': 'https://openalex.org/A5086706224'}]",19526,"[{'name': 'Conditional random field', 'level': 2, 'score': 0.81482506}, {'name': 'Artificial intelligence', 'level': 1, 'score': 0.7277061}, {'name': 'Computer science', 'level': 0, 'score': 0.6866145}, {'name': 'Pattern recognition (psychology)', 'level': 2, 'score': 0.6659558}, {'name': 'Upsampling', 'level': 3, 'score': 0.65841407}]",2025-09-09 16:47:23.209,https://doi.org/10.1109/tpami.2017.2699184,2017-04-27,"DeepLab: Semantic Image Segmentation with Deep Convolutional Nets, Atrous Convolution, and Fully Connected CRFs"
68c013cba55ba3d68128afba,W2076063813,,"[{'name': 'Jürgen Schmidhuber', 'id': 'https://openalex.org/A5071172037'}]",17082,"[{'name': 'Artificial intelligence', 'level': 1, 'score': 0.8018152}, {'name': 'Deep learning', 'level': 2, 'score': 0.7810458}, {'name': 'Computer science', 'level': 0, 'score': 0.6988939}, {'name': 'Artificial neural network', 'level': 2, 'score': 0.6003634}, {'name': 'Backpropagation', 'level': 3, 'score': 0.5765636}]",2025-09-09 16:47:23.210,https://doi.org/10.1016/j.neunet.2014.09.003,2014-10-13,Deep learning in neural networks: An overview
68c013cca55ba3d68128afbb,W2963881378,,"[{'name': 'Vijay Badrinarayanan', 'id': 'https://openalex.org/A5084236726'}, {'name': 'A. C. Kendall', 'id': 'https://openalex.org/A5109431803'}, {'name': 'Roberto Cipolla', 'id': 'https://openalex.org/A5018207993'}]",17013,"[{'name': 'Computer science', 'level': 0, 'score': 0.7878163}, {'name': 'Artificial intelligence', 'level': 1, 'score': 0.72259545}, {'name': 'Upsampling', 'level': 3, 'score': 0.64530766}, {'name': 'Feature (linguistics)', 'level': 2, 'score': 0.6386447}, {'name': 'Encoder', 'level': 2, 'score': 0.6336496}]",2025-09-09 16:47:23.210,https://doi.org/10.1109/tpami.2016.2644615,2017-01-02,SegNet: A Deep Convolutional Encoder-Decoder Architecture for Image Segmentation
68c013cca55ba3d68128afbc,W2962858109,,"[{'name': 'Ramprasaath R. Selvaraju', 'id': 'https://openalex.org/A5046238088'}, {'name': 'Michael Cogswell', 'id': 'https://openalex.org/A5052890596'}, {'name': 'Abhishek Das', 'id': 'https://openalex.org/A5102972112'}, {'name': 'Ramakrishna Vedantam', 'id': 'https://openalex.org/A5041797310'}, {'name': 'Devi Parikh', 'id': 'https://openalex.org/A5050342343'}, {'name': 'Dhruv Batra', 'id': 'https://openalex.org/A5014035752'}]",16701,"[{'name': 'Closed captioning', 'level': 3, 'score': 0.9521338}, {'name': 'Computer science', 'level': 0, 'score': 0.8256241}, {'name': 'Discriminative model', 'level': 2, 'score': 0.7431842}, {'name': 'Convolutional neural network', 'level': 2, 'score': 0.70987403}, {'name': 'Artificial intelligence', 'level': 1, 'score': 0.6668829}]",2025-09-09 16:47:23.210,https://doi.org/10.1109/iccv.2017.74,2017-10-01,Grad-CAM: Visual Explanations from Deep Networks via Gradient-Based Localization
68c013cca55ba3d68128afbd,W2130942839,,"[{'name': 'Ilya Sutskever', 'id': 'https://openalex.org/A5006446297'}, {'name': 'Oriol Vinyals', 'id': 'https://openalex.org/A5003562101'}, {'name': 'Quoc V. Le', 'id': 'https://openalex.org/A5088551093'}]",13896,"[{'name': 'Computer science', 'level': 0, 'score': 0.81489277}, {'name': 'Artificial intelligence', 'level': 1, 'score': 0.71594155}, {'name': 'Sentence', 'level': 2, 'score': 0.67668414}, {'name': 'Phrase', 'level': 2, 'score': 0.631516}, {'name': 'Sequence (biology)', 'level': 2, 'score': 0.5972195}]",2025-09-09 16:47:23.211,https://doi.org/10.48550/arxiv.1409.3215,2014-01-01,Sequence to Sequence Learning with Neural Networks
68c013cca55ba3d68128afbe,W2155893237,,"[{'name': 'Yangqing Jia', 'id': 'https://openalex.org/A5110220840'}, {'name': 'Evan Shelhamer', 'id': 'https://openalex.org/A5023786468'}, {'name': 'Jeff Donahue', 'id': 'https://openalex.org/A5077819827'}, {'name': 'Sergey Karayev', 'id': 'https://openalex.org/A5076436228'}, {'name': 'Jonathan Long', 'id': 'https://openalex.org/A5032863417'}, {'name': 'Ross Girshick', 'id': 'https://openalex.org/A5049246408'}, {'name': 'Sergio Guadarrama', 'id': 'https://openalex.org/A5004083108'}, {'name': 'Trevor Darrell', 'id': 'https://openalex.org/A5029105520'}]",11181,"[{'name': 'Computer science', 'level': 0, 'score': 0.79571855}, {'name': 'Deep learning', 'level': 2, 'score': 0.7542543}, {'name': 'Python (programming language)', 'level': 2, 'score': 0.69943225}, {'name': 'CUDA', 'level': 2, 'score': 0.6899845}, {'name': 'Artificial intelligence', 'level': 1, 'score': 0.6269304}]",2025-09-09 16:47:23.245,https://doi.org/10.1145/2647868.2654889,2014-11-03,Caffe
68c013cca55ba3d68128afbf,W2954996726,,"[{'name': 'Connor Shorten', 'id': 'https://openalex.org/A5051577117'}, {'name': 'Taghi M. Khoshgoftaar', 'id': 'https://openalex.org/A5089170562'}]",9790,"[{'name': 'Computer science', 'level': 0, 'score': 0.8385748}, {'name': 'Overfitting', 'level': 3, 'score': 0.8295884}, {'name': 'Deep learning', 'level': 2, 'score': 0.63688546}, {'name': 'Artificial intelligence', 'level': 1, 'score': 0.6041298}, {'name': 'Machine learning', 'level': 1, 'score': 0.5855905}]",2025-09-09 16:47:23.245,https://doi.org/10.1186/s40537-019-0197-0,2019-07-06,A survey on Image Data Augmentation for Deep Learning
68c013cca55ba3d68128afc0,W2899283552,,"[{'name': 'Maziar Raissi', 'id': 'https://openalex.org/A5012536010'}, {'name': 'Paris Perdikaris', 'id': 'https://openalex.org/A5002562845'}, {'name': 'George Em Karniadakis', 'id': 'https://openalex.org/A5009658255'}]",10827,"[{'name': 'Partial differential equation', 'level': 2, 'score': 0.71562314}, {'name': 'Nonlinear system', 'level': 2, 'score': 0.6638652}, {'name': 'Artificial neural network', 'level': 2, 'score': 0.6089713}, {'name': 'Context (archaeology)', 'level': 2, 'score': 0.5815073}, {'name': 'Inverse problem', 'level': 2, 'score': 0.51920635}]",2025-09-09 16:47:23.245,https://doi.org/10.1016/j.jcp.2018.10.045,2018-11-03,Physics-informed neural networks: A deep learning framework for solving forward and inverse problems involving nonlinear partial differential equations
68c013cca55ba3d68128afc1,W2953384591,,"[{'name': 'Martı́n Abadi', 'id': 'https://openalex.org/A5109387322'}, {'name': 'Paul Barham', 'id': 'https://openalex.org/A5110193634'}, {'name': 'Jianmin Chen', 'id': 'https://openalex.org/A5100665512'}, {'name': 'Zhifeng Chen', 'id': 'https://openalex.org/A5100715424'}, {'name': 'Andy Davis', 'id': 'https://openalex.org/A5068599616'}, {'name': 'Jay B. Dean', 'id': 'https://openalex.org/A5043872671'}, {'name': 'Matthieu Devin', 'id': 'https://openalex.org/A5004386681'}, {'name': 'Sanjay Ghemawat', 'id': 'https://openalex.org/A5012998255'}, {'name': 'Geoffrey Irving', 'id': 'https://openalex.org/A5029611587'}, {'name': 'Michael Isard', 'id': 'https://openalex.org/A5089543053'}, {'name': 'Manjunath Kudlur', 'id': 'https://openalex.org/A5000650022'}, {'name': 'Josh Levenberg', 'id': 'https://openalex.org/A5009510257'}, {'name': 'Rajat Monga', 'id': 'https://openalex.org/A5024140027'}, {'name': 'Sherry Moore', 'id': 'https://openalex.org/A5063771762'}, {'name': 'Derek G. Murray', 'id': 'https://openalex.org/A5067335143'}, {'name': 'Benoit Steiner', 'id': 'https://openalex.org/A5028992619'}, {'name': 'Paul A. Tucker', 'id': 'https://openalex.org/A5016586245'}, {'name': 'Vijay Vasudevan', 'id': 'https://openalex.org/A5004650249'}, {'name': 'Pete Warden', 'id': 'https://openalex.org/A5014405928'}, {'name': 'Martin Wicke', 'id': 'https://openalex.org/A5080764662'}, {'name': 'Yuan Yu', 'id': 'https://openalex.org/A5104075606'}, {'name': 'Xiaoqiang Zheng', 'id': 'https://openalex.org/A5102988664'}]",9385,"[{'name': 'Scale (ratio)', 'level': 2, 'score': 0.673669}, {'name': 'Computer science', 'level': 0, 'score': 0.5508863}, {'name': 'Artificial intelligence', 'level': 1, 'score': 0.47145233}, {'name': 'Machine learning', 'level': 1, 'score': 0.39474702}, {'name': 'Cartography', 'level': 1, 'score': 0.117754966}]",2025-09-09 16:47:23.246,https://doi.org/10.48550/arxiv.1605.08695,2016-01-01,TensorFlow: A system for large-scale machine learning
68c013cca55ba3d68128afc2,W2271840356,,"[{'name': 'Martı́n Abadi', 'id': 'https://openalex.org/A5109387322'}, {'name': 'Ashish Agarwal', 'id': 'https://openalex.org/A5027820479'}, {'name': 'Paul Barham', 'id': 'https://openalex.org/A5110193634'}, {'name': 'Eugene Brevdo', 'id': 'https://openalex.org/A5047736127'}, {'name': 'Zhifeng Chen', 'id': 'https://openalex.org/A5100715424'}, {'name': 'Craig Citro', 'id': 'https://openalex.org/A5069624169'}, {'name': 'Gregory S. Corrado', 'id': 'https://openalex.org/A5066927687'}, {'name': 'Andy Davis', 'id': 'https://openalex.org/A5068599616'}, {'name': 'Jay B. Dean', 'id': 'https://openalex.org/A5043872671'}, {'name': 'Matthieu Devin', 'id': 'https://openalex.org/A5004386681'}, {'name': 'Sanjay Ghemawat', 'id': 'https://openalex.org/A5012998255'}, {'name': 'Ian Goodfellow', 'id': 'https://openalex.org/A5004271128'}, {'name': 'Andrew Harp', 'id': 'https://openalex.org/A5064042510'}, {'name': 'Geoffrey Irving', 'id': 'https://openalex.org/A5029611587'}, {'name': 'Michael Isard', 'id': 'https://openalex.org/A5089543053'}, {'name': 'Yangqing Jia', 'id': 'https://openalex.org/A5110220840'}, {'name': 'Rafał Józefowicz', 'id': 'https://openalex.org/A5067370075'}, {'name': 'Łukasz Kaiser', 'id': 'https://openalex.org/A5031789995'}, {'name': 'Manjunath Kudlur', 'id': 'https://openalex.org/A5000650022'}, {'name': 'Josh Levenberg', 'id': 'https://openalex.org/A5009510257'}, {'name': 'Dan Mané', 'id': 'https://openalex.org/A5045113162'}, {'name': 'Rajat Monga', 'id': 'https://openalex.org/A5024140027'}, {'name': 'Sherry Moore', 'id': 'https://openalex.org/A5063771762'}, {'name': 'Derek G. Murray', 'id': 'https://openalex.org/A5067335143'}, {'name': 'Chris Olah', 'id': 'https://openalex.org/A5039751155'}, {'name': 'Mike Schuster', 'id': 'https://openalex.org/A5113452656'}, {'name': 'Jonathon Shlens', 'id': 'https://openalex.org/A5032356827'}, {'name': 'Benoit Steiner', 'id': 'https://openalex.org/A5028992619'}, {'name': 'Ilya Sutskever', 'id': 'https://openalex.org/A5006446297'}, {'name': 'Kunal Talwar', 'id': 'https://openalex.org/A5080065269'}, {'name': 'Paul A. Tucker', 'id': 'https://openalex.org/A5016586245'}, {'name': 'Vincent Vanhoucke', 'id': 'https://openalex.org/A5013813527'}, {'name': 'Vijay Vasudevan', 'id': 'https://openalex.org/A5004650249'}, {'name': 'Fernanda Viégas', 'id': 'https://openalex.org/A5059594867'}, {'name': 'Oriol Vinyals', 'id': 'https://openalex.org/A5003562101'}, {'name': 'Pete Warden', 'id': 'https://openalex.org/A5014405928'}, {'name': 'Martin Wattenberg', 'id': 'https://openalex.org/A5039276358'}, {'name': 'Martin Wicke', 'id': 'https://openalex.org/A5080764662'}, {'name': 'Yuan Yu', 'id': 'https://openalex.org/A5104075606'}, {'name': 'Xiaoqiang Zheng', 'id': 'https://openalex.org/A5102988664'}]",9232,"[{'name': 'Scale (ratio)', 'level': 2, 'score': 0.625041}, {'name': 'Computer science', 'level': 0, 'score': 0.5916433}, {'name': 'Artificial intelligence', 'level': 1, 'score': 0.46368116}, {'name': 'Machine learning', 'level': 1, 'score': 0.36445767}, {'name': 'Distributed computing', 'level': 1, 'score': 0.36219537}]",2025-09-09 16:47:23.246,https://doi.org/10.48550/arxiv.1603.04467,2016-01-01,TensorFlow: Large-Scale Machine Learning on Heterogeneous Distributed Systems
68c013cca55ba3d68128afc3,W1885185971,,"[{'name': 'Chao Dong', 'id': 'https://openalex.org/A5023845728'}, {'name': 'Chen Change Loy', 'id': 'https://openalex.org/A5005626854'}, {'name': 'Kaiming He', 'id': 'https://openalex.org/A5100700361'}, {'name': 'Xiaoou Tang', 'id': 'https://openalex.org/A5110380387'}]",8650,"[{'name': 'Computer science', 'level': 0, 'score': 0.84863925}, {'name': 'Convolutional neural network', 'level': 2, 'score': 0.81599474}, {'name': 'Artificial intelligence', 'level': 1, 'score': 0.7938075}, {'name': 'Deep learning', 'level': 2, 'score': 0.71025044}, {'name': 'Pattern recognition (psychology)', 'level': 2, 'score': 0.56566596}]",2025-09-09 16:47:23.246,https://doi.org/10.1109/tpami.2015.2439281,2015-06-02,Image Super-Resolution Using Deep Convolutional Networks
68c013cda55ba3d68128afc4,W2508457857,,"[{'name': 'Kai Zhang', 'id': 'https://openalex.org/A5100323983'}, {'name': 'Wangmeng Zuo', 'id': 'https://openalex.org/A5100636655'}, {'name': 'Yunjin Chen', 'id': 'https://openalex.org/A5077938164'}, {'name': 'Deyu Meng', 'id': 'https://openalex.org/A5091017287'}, {'name': 'Lei Zhang', 'id': 'https://openalex.org/A5100433899'}]",7609,"[{'name': 'Artificial intelligence', 'level': 1, 'score': 0.6896609}, {'name': 'Residual', 'level': 2, 'score': 0.66333866}, {'name': 'Image denoising', 'level': 3, 'score': 0.615584}, {'name': 'Computer science', 'level': 0, 'score': 0.60550773}, {'name': 'Noise reduction', 'level': 2, 'score': 0.5857825}]",2025-09-09 16:47:23.247,https://doi.org/10.1109/tip.2017.2662206,2017-02-01,Beyond a Gaussian Denoiser: Residual Learning of Deep CNN for Image Denoising
68c013cda55ba3d68128afc5,W2031753087,,"[{'name': 'Benoît B. Mandelbrot', 'id': 'https://openalex.org/A5109952461'}, {'name': 'John W. Van Ness', 'id': 'https://openalex.org/A5082143500'}]",7547,"[{'name': 'Fractional Brownian motion', 'level': 3, 'score': 0.7805673}, {'name': 'Brownian motion', 'level': 2, 'score': 0.57910407}, {'name': 'Statistical physics', 'level': 1, 'score': 0.5233066}, {'name': 'Mathematics', 'level': 0, 'score': 0.42451662}, {'name': 'Physics', 'level': 0, 'score': 0.38570428}]",2025-09-09 16:58:20.930,https://doi.org/10.1137/1010093,1968-10-01,"Fractional Brownian Motions, Fractional Noises and Applications"
68c013cda55ba3d68128afc6,W2963121255,,"[{'name': 'Charles R. Qi', 'id': 'https://openalex.org/A5027357870'}, {'name': 'Yi Li', 'id': 'https://openalex.org/A5100419947'}, {'name': 'Hao Su', 'id': 'https://openalex.org/A5091622325'}, {'name': 'Leonidas Guibas', 'id': 'https://openalex.org/A5065368881'}]",7181,"[{'name': 'Artificial intelligence', 'level': 1, 'score': 0.6398853}, {'name': 'Feature (linguistics)', 'level': 2, 'score': 0.6257015}, {'name': 'Metric (unit)', 'level': 2, 'score': 0.6202066}, {'name': 'Point (geometry)', 'level': 2, 'score': 0.6009938}, {'name': 'Space (punctuation)', 'level': 2, 'score': 0.548652}]",2025-09-09 16:47:23.247,https://doi.org/10.48550/arxiv.1706.02413,2017-01-01,PointNet++: Deep Hierarchical Feature Learning on Point Sets in a Metric Space
68c013cda55ba3d68128afc7,W2964153729,,"[{'name': 'Christian Szegedy', 'id': 'https://openalex.org/A5002183320'}, {'name': 'Wojciech Zaremba', 'id': 'https://openalex.org/A5076651586'}, {'name': 'Ilya Sutskever', 'id': 'https://openalex.org/A5006446297'}, {'name': 'Joan Bruna', 'id': 'https://openalex.org/A5112569280'}, {'name': 'Dumitru Erhan', 'id': 'https://openalex.org/A5084125668'}, {'name': 'Ian Goodfellow', 'id': 'https://openalex.org/A5004271128'}, {'name': 'Rob Fergus', 'id': 'https://openalex.org/A5089960673'}]",6588,"[{'name': 'Computer science', 'level': 0, 'score': 0.74896365}, {'name': 'Artificial neural network', 'level': 2, 'score': 0.72943205}, {'name': 'Artifact (error)', 'level': 2, 'score': 0.5858464}, {'name': 'Perturbation (astronomy)', 'level': 2, 'score': 0.57990813}, {'name': 'Artificial intelligence', 'level': 1, 'score': 0.57730824}]",2025-09-09 16:47:23.247,,2014-01-01,Intriguing properties of neural networks
68c013cda55ba3d68128afc8,W2557738935,,"[{'name': 'Varun Gulshan', 'id': 'https://openalex.org/A5036282361'}, {'name': 'Lily Peng', 'id': 'https://openalex.org/A5108117554'}, {'name': 'Marc Coram', 'id': 'https://openalex.org/A5052481553'}, {'name': 'Martin C. Stumpe', 'id': 'https://openalex.org/A5021041237'}, {'name': 'Derek Wu', 'id': 'https://openalex.org/A5015709909'}, {'name': 'Arunachalam Narayanaswamy', 'id': 'https://openalex.org/A5065263704'}, {'name': 'Subhashini Venugopalan', 'id': 'https://openalex.org/A5025689655'}, {'name': 'Kasumi Widner', 'id': 'https://openalex.org/A5080804221'}, {'name': 'T. Madams', 'id': 'https://openalex.org/A5051630152'}, {'name': 'Jorge Cuadros', 'id': 'https://openalex.org/A5076503952'}, {'name': 'Kim Ramasamy', 'id': 'https://openalex.org/A5067481441'}, {'name': 'Rajiv Raman', 'id': 'https://openalex.org/A5060172197'}, {'name': 'Philip Nelson', 'id': 'https://openalex.org/A5091446023'}, {'name': 'Jessica L. Mega', 'id': 'https://openalex.org/A5062053709'}, {'name': 'Dale R. Webster', 'id': 'https://openalex.org/A5060000122'}]",6536,"[{'name': 'Medicine', 'level': 0, 'score': 0.8843045}, {'name': 'Diabetic retinopathy', 'level': 3, 'score': 0.79753125}, {'name': 'Fundus (uterus)', 'level': 2, 'score': 0.6416706}, {'name': 'Deep learning', 'level': 2, 'score': 0.63469833}, {'name': 'Convolutional neural network', 'level': 2, 'score': 0.6298924}]",2025-09-09 16:47:23.248,https://doi.org/10.1001/jama.2016.17216,2016-11-29,Development and Validation of a Deep Learning Algorithm for Detection of Diabetic Retinopathy in Retinal Fundus Photographs
68c013cda55ba3d68128afc9,W2963372104,,"[{'name': 'Bee Lim', 'id': 'https://openalex.org/A5102334291'}, {'name': 'Sanghyun Son', 'id': 'https://openalex.org/A5000646618'}, {'name': 'Heewon Kim', 'id': 'https://openalex.org/A5101422101'}, {'name': 'Seungjun Nah', 'id': 'https://openalex.org/A5058394307'}, {'name': 'Kyoung Mu Lee', 'id': 'https://openalex.org/A5046504049'}]",6355,"[{'name': 'Residual', 'level': 2, 'score': 0.87900054}, {'name': 'Benchmark (surveying)', 'level': 2, 'score': 0.7832339}, {'name': 'Computer science', 'level': 0, 'score': 0.7538533}, {'name': 'Convolutional neural network', 'level': 2, 'score': 0.7414876}, {'name': 'Deep learning', 'level': 2, 'score': 0.7365695}]",2025-09-09 16:47:23.248,https://doi.org/10.1109/cvprw.2017.151,2017-07-01,Enhanced Deep Residual Networks for Single Image Super-Resolution
68c013cda55ba3d68128afca,W1673923490,,"[{'name': 'Christian Szegedy', 'id': 'https://openalex.org/A5002183320'}, {'name': 'Wojciech Zaremba', 'id': 'https://openalex.org/A5076651586'}, {'name': 'Ilya Sutskever', 'id': 'https://openalex.org/A5006446297'}, {'name': 'Joan Bruna', 'id': 'https://openalex.org/A5112569280'}, {'name': 'Dumitru Erhan', 'id': 'https://openalex.org/A5084125668'}, {'name': 'Ian Goodfellow', 'id': 'https://openalex.org/A5004271128'}, {'name': 'Rob Fergus', 'id': 'https://openalex.org/A5089960673'}]",6035,"[{'name': 'Computer science', 'level': 0, 'score': 0.73324}, {'name': 'Artificial neural network', 'level': 2, 'score': 0.71529543}, {'name': 'Artifact (error)', 'level': 2, 'score': 0.5974774}, {'name': 'Perturbation (astronomy)', 'level': 2, 'score': 0.57723355}, {'name': 'Artificial intelligence', 'level': 1, 'score': 0.5649216}]",2025-09-09 16:47:23.248,,2013-12-21,Intriguing properties of neural networks
68c013cda55ba3d68128afcb,W2402144811,,"[{'name': 'Martı́n Abadi', 'id': 'https://openalex.org/A5109387322'}, {'name': 'Paul Barham', 'id': 'https://openalex.org/A5110193634'}, {'name': 'Jianmin Chen', 'id': 'https://openalex.org/A5100665512'}, {'name': 'Zhifeng Chen', 'id': 'https://openalex.org/A5100715421'}, {'name': 'Andy Davis', 'id': 'https://openalex.org/A5068599616'}, {'name': 'Jay B. Dean', 'id': 'https://openalex.org/A5043872671'}, {'name': 'Matthieu Devin', 'id': 'https://openalex.org/A5004386681'}, {'name': 'Sanjay Ghemawat', 'id': 'https://openalex.org/A5012998255'}, {'name': 'Geoffrey Irving', 'id': 'https://openalex.org/A5029611587'}, {'name': 'Michael Isard', 'id': 'https://openalex.org/A5089543053'}, {'name': 'Manjunath Kudlur', 'id': 'https://openalex.org/A5000650022'}, {'name': 'Josh Levenberg', 'id': 'https://openalex.org/A5009510257'}, {'name': 'Rajat Monga', 'id': 'https://openalex.org/A5024140027'}, {'name': 'Sherry Moore', 'id': 'https://openalex.org/A5063771762'}, {'name': 'Derek G. Murray', 'id': 'https://openalex.org/A5067335143'}, {'name': 'Benoit Steiner', 'id': 'https://openalex.org/A5028992619'}, {'name': 'Paul A. Tucker', 'id': 'https://openalex.org/A5016586245'}, {'name': 'Vijay Vasudevan', 'id': 'https://openalex.org/A5004650249'}, {'name': 'Pete Warden', 'id': 'https://openalex.org/A5014405928'}, {'name': 'Martin Wicke', 'id': 'https://openalex.org/A5080764662'}, {'name': 'Yuan Yu', 'id': 'https://openalex.org/A5104075606'}, {'name': 'Xiaoqiang Zheng', 'id': 'https://openalex.org/A5102988664'}]",6035,"[{'name': 'Dataflow', 'level': 2, 'score': 0.9571843}, {'name': 'Computer science', 'level': 0, 'score': 0.8306227}, {'name': 'Artificial intelligence', 'level': 1, 'score': 0.71164364}, {'name': 'Multi-core processor', 'level': 2, 'score': 0.5773373}, {'name': 'Machine learning', 'level': 1, 'score': 0.51931185}]",2025-09-09 16:47:23.248,https://doi.org/10.5555/3026877.3026899,2016-11-02,TensorFlow: a system for large-scale machine learning
68c013cda55ba3d68128afcc,W2949117887,,"[{'name': 'Sergey Ioffe', 'id': 'https://openalex.org/A5032800189'}, {'name': 'Christian Szegedy', 'id': 'https://openalex.org/A5002183320'}]",16615,"[{'name': 'Normalization (sociology)', 'level': 2, 'score': 0.9325105}, {'name': 'Initialization', 'level': 2, 'score': 0.9189042}, {'name': 'Computer science', 'level': 0, 'score': 0.7289332}, {'name': 'Artificial intelligence', 'level': 1, 'score': 0.5829833}, {'name': 'Margin (machine learning)', 'level': 2, 'score': 0.558778}]",2025-09-09 16:47:23.211,,2015-02-11,Batch Normalization: Accelerating Deep Network Training by Reducing Internal Covariate Shift
68c013cda55ba3d68128afcd,W1533861849,,"[{'name': 'Xavier Glorot', 'id': 'https://openalex.org/A5067483843'}, {'name': 'Yoshua Bengio', 'id': 'https://openalex.org/A5086198262'}]",11971,"[{'name': 'Initialization', 'level': 2, 'score': 0.8681759}, {'name': 'Computer science', 'level': 0, 'score': 0.72466195}, {'name': 'Artificial neural network', 'level': 2, 'score': 0.71942556}, {'name': 'Artificial intelligence', 'level': 1, 'score': 0.6587314}, {'name': 'Deep neural networks', 'level': 3, 'score': 0.6315432}]",2025-09-09 16:47:23.243,,2010-03-31,Understanding the difficulty of training deep feedforward neural networks
68c01406a55ba3d68128afd2,W2928165649,,"[{'name': 'Shanghua Gao', 'id': 'https://openalex.org/A5070353990'}, {'name': 'Ming–Ming Cheng', 'id': 'https://openalex.org/A5037131575'}, {'name': 'Kai Zhao', 'id': 'https://openalex.org/A5078276127'}, {'name': 'Xinyu Zhang', 'id': 'https://openalex.org/A5100390695'}, {'name': 'Ming–Hsuan Yang', 'id': 'https://openalex.org/A5100418319'}, {'name': 'Philip H. S. Torr', 'id': 'https://openalex.org/A5042899882'}]",2713,"[{'name': 'Computer science', 'level': 0, 'score': 0.7753227}, {'name': 'Block (permutation group theory)', 'level': 2, 'score': 0.6786494}, {'name': 'Artificial intelligence', 'level': 1, 'score': 0.66517353}, {'name': 'Residual', 'level': 2, 'score': 0.60985386}, {'name': 'Backbone network', 'level': 2, 'score': 0.5933263}]",2025-09-09 16:48:22.051,https://doi.org/10.1109/tpami.2019.2938758,2019-08-30,Res2Net: A New Multi-Scale Backbone Architecture
68c01406a55ba3d68128afd3,W2333796428,,"[{'name': 'Sasha Targ', 'id': 'https://openalex.org/A5072643021'}, {'name': 'Diogo Almeida', 'id': 'https://openalex.org/A5073381518'}, {'name': 'Kevin Lyman', 'id': 'https://openalex.org/A5029098173'}]",600,"[{'name': 'Residual neural network', 'level': 3, 'score': 0.933277}, {'name': 'Residual', 'level': 2, 'score': 0.79927725}, {'name': 'Computer science', 'level': 0, 'score': 0.7424569}, {'name': 'Overhead (engineering)', 'level': 2, 'score': 0.68159366}, {'name': 'Architecture', 'level': 2, 'score': 0.5650892}]",2025-09-09 16:48:22.054,https://doi.org/10.48550/arxiv.1603.08029,2016-01-01,Resnet in Resnet: Generalizing Residual Architectures
68c01406a55ba3d68128afd4,W2886555888,,"[{'name': 'Asheesh K. Singh', 'id': 'https://openalex.org/A5027870420'}, {'name': 'Baskar Ganapathysubramanian', 'id': 'https://openalex.org/A5011704511'}, {'name': 'Soumik Sarkar', 'id': 'https://openalex.org/A5081037761'}, {'name': 'Arti Singh', 'id': 'https://openalex.org/A5091680686'}]",543,"[{'name': 'Biology', 'level': 0, 'score': 0.8691813}, {'name': 'Plant science', 'level': 2, 'score': 0.5609414}, {'name': 'Plant biology', 'level': 2, 'score': 0.44515827}, {'name': 'Stress (linguistics)', 'level': 2, 'score': 0.42188787}, {'name': 'Computational biology', 'level': 1, 'score': 0.40199727}]",2025-09-09 16:48:22.055,https://doi.org/10.1016/j.tplants.2018.07.004,2018-08-10,Deep Learning for Plant Stress Phenotyping: Trends and Future Perspectives
68c01406a55ba3d68128afd5,W2963319519,,"[{'name': 'Yunpeng Chen', 'id': 'https://openalex.org/A5029978692'}, {'name': 'Marcus Rohrbach', 'id': 'https://openalex.org/A5024481540'}, {'name': 'Zhicheng Yan', 'id': 'https://openalex.org/A5002869474'}, {'name': 'Yan Shuicheng', 'id': 'https://openalex.org/A5103701466'}, {'name': 'Jiashi Feng', 'id': 'https://openalex.org/A5100668696'}, {'name': 'Yannis Kalantidis', 'id': 'https://openalex.org/A5042126127'}]",510,"[{'name': 'Computer science', 'level': 0, 'score': 0.7456249}, {'name': 'Theoretical computer science', 'level': 1, 'score': 0.53318787}, {'name': 'Artificial intelligence', 'level': 1, 'score': 0.5287506}, {'name': 'Graph', 'level': 2, 'score': 0.49330062}, {'name': 'Pooling', 'level': 2, 'score': 0.45369697}]",2025-09-09 16:48:22.055,https://doi.org/10.1109/cvpr.2019.00052,2019-06-01,Graph-Based Global Reasoning Networks
68c01406a55ba3d68128afd6,W2884821113,,"[{'name': 'Masoud Mahdianpari', 'id': 'https://openalex.org/A5003315831'}, {'name': 'Bahram Salehi', 'id': 'https://openalex.org/A5038657698'}, {'name': 'Mohammad Rezaee', 'id': 'https://openalex.org/A5082835516'}, {'name': 'Fariba Mohammadimanesh', 'id': 'https://openalex.org/A5081965789'}, {'name': 'Yun Zhang', 'id': 'https://openalex.org/A5100356784'}]",407,"[{'name': 'Multispectral image', 'level': 2, 'score': 0.7821533}, {'name': 'Convolutional neural network', 'level': 2, 'score': 0.73598105}, {'name': 'Random forest', 'level': 2, 'score': 0.7267196}, {'name': 'Computer science', 'level': 0, 'score': 0.7246728}, {'name': 'Artificial intelligence', 'level': 1, 'score': 0.72265106}]",2025-09-09 16:48:22.055,https://doi.org/10.3390/rs10071119,2018-07-14,Very Deep Convolutional Neural Networks for Complex Land Cover Mapping Using Multispectral Remote Sensing Imagery
68c01407a55ba3d68128afd7,W3034771037,,"[{'name': 'Kai Xu', 'id': 'https://openalex.org/A5076970762'}, {'name': 'Minghai Qin', 'id': 'https://openalex.org/A5084528785'}, {'name': 'Fei Sun', 'id': 'https://openalex.org/A5101467161'}, {'name': 'Yuhao Wang', 'id': 'https://openalex.org/A5100370103'}, {'name': 'Yen-Kuang Chen', 'id': 'https://openalex.org/A5067351692'}, {'name': 'Fengbo Ren', 'id': 'https://openalex.org/A5083744126'}]",388,"[{'name': 'Upsampling', 'level': 3, 'score': 0.8954307}, {'name': 'Computer science', 'level': 0, 'score': 0.831913}, {'name': 'Frequency domain', 'level': 2, 'score': 0.63536495}, {'name': 'Artificial intelligence', 'level': 1, 'score': 0.6145325}, {'name': 'Convolutional neural network', 'level': 2, 'score': 0.5340599}]",2025-09-09 16:48:22.055,https://doi.org/10.1109/cvpr42600.2020.00181,2020-06-01,Learning in the Frequency Domain
68c01407a55ba3d68128afd8,W3145185940,,"[{'name': 'Srinadh Bhojanapalli', 'id': 'https://openalex.org/A5057451920'}, {'name': 'Ayan Chakrabarti', 'id': 'https://openalex.org/A5050566186'}, {'name': 'Daniel Gläsner', 'id': 'https://openalex.org/A5001667895'}, {'name': 'Daliang Li', 'id': 'https://openalex.org/A5017466259'}, {'name': 'Thomas Unterthiner', 'id': 'https://openalex.org/A5083016682'}, {'name': 'Andreas Veit', 'id': 'https://openalex.org/A5081627147'}]",308,"[{'name': 'Robustness (evolution)', 'level': 3, 'score': 0.7545047}, {'name': 'Computer science', 'level': 0, 'score': 0.6755}, {'name': 'Convolutional neural network', 'level': 2, 'score': 0.5938094}, {'name': 'Transformer', 'level': 3, 'score': 0.5871458}, {'name': 'Architecture', 'level': 2, 'score': 0.5553142}]",2025-09-09 16:48:22.056,https://doi.org/10.1109/iccv48922.2021.01007,2021-10-01,Understanding Robustness of Transformers for Image Classification
68c01407a55ba3d68128afd9,W2962934715,,"[{'name': 'Kensho Hara', 'id': 'https://openalex.org/A5061654293'}, {'name': 'Hirokatsu Kataoka', 'id': 'https://openalex.org/A5011507481'}, {'name': 'Yutaka Satoh', 'id': 'https://openalex.org/A5043995369'}]",2084,"[{'name': 'Overfitting', 'level': 3, 'score': 0.8811767}, {'name': 'Convolutional neural network', 'level': 2, 'score': 0.7748954}, {'name': 'Computer science', 'level': 0, 'score': 0.76227224}, {'name': 'Artificial intelligence', 'level': 1, 'score': 0.65928346}, {'name': 'Pattern recognition (psychology)', 'level': 2, 'score': 0.5846047}]",2025-09-09 16:48:22.053,https://doi.org/10.1109/cvpr.2018.00685,2018-06-01,Can Spatiotemporal 3D CNNs Retrace the History of 2D CNNs and ImageNet?
68c01407a55ba3d68128afda,W3172509117,,"[{'name': 'Aravind Srinivas', 'id': 'https://openalex.org/A5112594303'}, {'name': 'Tsung-Yi Lin', 'id': 'https://openalex.org/A5052768778'}, {'name': 'Niki Parmar', 'id': 'https://openalex.org/A5005777963'}, {'name': 'Jonathon Shlens', 'id': 'https://openalex.org/A5032356827'}, {'name': 'Pieter Abbeel', 'id': 'https://openalex.org/A5049349154'}, {'name': 'Ashish Vaswani', 'id': 'https://openalex.org/A5103024730'}]",1070,"[{'name': 'Computer science', 'level': 0, 'score': 0.76088583}, {'name': 'Bottleneck', 'level': 2, 'score': 0.7211242}, {'name': 'Botnet', 'level': 3, 'score': 0.68496144}, {'name': 'Segmentation', 'level': 2, 'score': 0.64616936}, {'name': 'Artificial intelligence', 'level': 1, 'score': 0.5978592}]",2025-09-09 16:48:22.054,https://doi.org/10.1109/cvpr46437.2021.01625,2021-06-01,Bottleneck Transformers for Visual Recognition
68c01407a55ba3d68128afdb,W3102619772,,"[{'name': 'Emilio Guirado', 'id': 'https://openalex.org/A5021647068'}, {'name': 'Siham Tabik', 'id': 'https://openalex.org/A5057876711'}, {'name': 'Domingo Alcaraz‐Segura', 'id': 'https://openalex.org/A5030055139'}, {'name': 'Javier Cabello', 'id': 'https://openalex.org/A5010625015'}, {'name': 'Francisco Herrera', 'id': 'https://openalex.org/A5045016749'}]",173,"[{'name': 'Computer science', 'level': 0, 'score': 0.7169532}, {'name': 'Land cover', 'level': 3, 'score': 0.5369771}, {'name': 'Remote sensing', 'level': 1, 'score': 0.51350456}, {'name': 'Artificial intelligence', 'level': 1, 'score': 0.5088897}, {'name': 'Convolutional neural network', 'level': 2, 'score': 0.4681701}]",2025-09-09 16:48:22.056,https://doi.org/10.3390/rs9121220,2017-11-26,Deep-learning Versus OBIA for Scattered Shrub Detection with Google Earth Imagery: Ziziphus lotus as Case Study
68c01407a55ba3d68128afdc,W2963223345,,"[{'name': 'Shaohui Lin', 'id': 'https://openalex.org/A5043643513'}, {'name': 'Rongrong Ji', 'id': 'https://openalex.org/A5016080094'}, {'name': 'Yuchao Li', 'id': 'https://openalex.org/A5100743490'}, {'name': 'Cheng Deng', 'id': 'https://openalex.org/A5015874725'}, {'name': 'Xuelong Li', 'id': 'https://openalex.org/A5106943753'}]",168,"[{'name': 'Computer science', 'level': 0, 'score': 0.77012223}, {'name': 'Pruning', 'level': 2, 'score': 0.6241374}, {'name': 'Convolutional neural network', 'level': 2, 'score': 0.60410315}, {'name': 'Solver', 'level': 2, 'score': 0.560847}, {'name': 'Overhead (engineering)', 'level': 2, 'score': 0.5387737}]",2025-09-09 16:48:22.057,https://doi.org/10.1109/tnnls.2019.2906563,2019-05-21,Toward Compact ConvNets via Structure-Sparsity Regularized Filter Pruning
68c01407a55ba3d68128afdd,W2913221350,,"[{'name': 'Yun Liang', 'id': 'https://openalex.org/A5100604860'}, {'name': 'Liqiang Lu', 'id': 'https://openalex.org/A5072265593'}, {'name': 'Qingcheng Xiao', 'id': 'https://openalex.org/A5057484285'}, {'name': 'Shengen Yan', 'id': 'https://openalex.org/A5049910854'}]",140,"[{'name': 'Computer science', 'level': 0, 'score': 0.79333663}, {'name': 'Field-programmable gate array', 'level': 2, 'score': 0.77502215}, {'name': 'Convolutional neural network', 'level': 2, 'score': 0.6540217}, {'name': 'Fast Fourier transform', 'level': 2, 'score': 0.58686024}, {'name': 'Pipeline (software)', 'level': 2, 'score': 0.52921826}]",2025-09-09 16:48:22.057,https://doi.org/10.1109/tcad.2019.2897701,2019-02-05,Evaluating Fast Algorithms for Convolutional Neural Networks on FPGAs
68c01407a55ba3d68128afde,W2963103976,,"[{'name': 'Nitin Bansal', 'id': 'https://openalex.org/A5103093862'}, {'name': 'Xiaohan Chen', 'id': 'https://openalex.org/A5100625547'}, {'name': 'Zhangyang Wang', 'id': 'https://openalex.org/A5048522863'}]",169,"[{'name': 'Orthogonality', 'level': 2, 'score': 0.9223056}, {'name': 'Computer science', 'level': 0, 'score': 0.7272229}, {'name': 'Benchmark (surveying)', 'level': 2, 'score': 0.7005756}, {'name': 'Convolutional neural network', 'level': 2, 'score': 0.63110286}, {'name': 'Property (philosophy)', 'level': 2, 'score': 0.58363515}]",2025-09-09 16:48:22.057,https://doi.org/10.48550/arxiv.1810.09102,2018-01-01,Can We Gain More from Orthogonality Regularizations in Training Deep CNNs?
68c01407a55ba3d68128afdf,W2808739938,,"[{'name': 'Tahmid Abtahi', 'id': 'https://openalex.org/A5089657290'}, {'name': 'Colin Shea', 'id': 'https://openalex.org/A5022091861'}, {'name': 'Amey Kulkarni', 'id': 'https://openalex.org/A5054888852'}, {'name': 'Tinoosh Mohsenin', 'id': 'https://openalex.org/A5084010501'}]",129,"[{'name': 'Computer science', 'level': 0, 'score': 0.8363377}, {'name': 'Fast Fourier transform', 'level': 2, 'score': 0.80293095}, {'name': 'Convolutional neural network', 'level': 2, 'score': 0.653349}, {'name': 'Field-programmable gate array', 'level': 2, 'score': 0.57331264}, {'name': 'Parallel computing', 'level': 1, 'score': 0.5644}]",2025-09-09 16:48:22.057,https://doi.org/10.1109/tvlsi.2018.2825145,2018-06-21,Accelerating Convolutional Neural Network With FFT on Embedded Hardware
68c01407a55ba3d68128afe0,W2962924839,,"[{'name': 'YiYao Huang', 'id': 'https://openalex.org/A5100547685'}, {'name': 'William Yang Wang', 'id': 'https://openalex.org/A5100702488'}]",112,"[{'name': 'Residual', 'level': 2, 'score': 0.8254131}, {'name': 'Computer science', 'level': 0, 'score': 0.80803776}, {'name': 'Artificial intelligence', 'level': 1, 'score': 0.77706814}, {'name': 'Residual neural network', 'level': 3, 'score': 0.7653655}, {'name': 'Convolutional neural network', 'level': 2, 'score': 0.70980763}]",2025-09-09 16:48:22.057,https://doi.org/10.18653/v1/d17-1191,2017-01-01,Deep Residual Learning for Weakly-Supervised Relation Extraction
68c01407a55ba3d68128afe1,W3179017304,,"[{'name': 'Seyed-Hassan Miraei Ashtiani', 'id': 'https://openalex.org/A5038486497'}, {'name': 'Shima Javanmardi', 'id': 'https://openalex.org/A5072535862'}, {'name': 'Mehrdad Jahanbanifard', 'id': 'https://openalex.org/A5086087986'}, {'name': 'Alex Martynenko', 'id': 'https://openalex.org/A5002353044'}, {'name': 'Fons J. Verbeek', 'id': 'https://openalex.org/A5022631255'}]",111,"[{'name': 'Ripeness', 'level': 3, 'score': 0.9656017}, {'name': 'Computer science', 'level': 0, 'score': 0.73268914}, {'name': 'Artificial intelligence', 'level': 1, 'score': 0.6798709}, {'name': 'Convolutional neural network', 'level': 2, 'score': 0.6024755}, {'name': 'Residual neural network', 'level': 3, 'score': 0.5446041}]",2025-09-09 16:48:22.058,https://doi.org/10.1109/access.2021.3096550,2021-01-01,Detection of Mulberry Ripeness Stages Using Deep Learning Models
68c01408a55ba3d68128afe2,W2685808923,,"[{'name': 'Garrett B. Goh', 'id': 'https://openalex.org/A5072984510'}, {'name': 'Charles Siegel', 'id': 'https://openalex.org/A5058970517'}, {'name': 'Abhinav Vishnu', 'id': 'https://openalex.org/A5009322871'}, {'name': 'Nathan O. Hodas', 'id': 'https://openalex.org/A5023448303'}, {'name': 'Nathan Baker', 'id': 'https://openalex.org/A5076984889'}]",107,"[{'name': 'Quantitative structure–activity relationship', 'level': 2, 'score': 0.8570237}, {'name': 'Artificial intelligence', 'level': 1, 'score': 0.7674854}, {'name': 'Deep learning', 'level': 2, 'score': 0.7649511}, {'name': 'Convolutional neural network', 'level': 2, 'score': 0.7272623}, {'name': 'Artificial neural network', 'level': 2, 'score': 0.6929488}]",2025-09-09 16:48:22.058,,2017-06-20,Chemception: A Deep Neural Network with Minimal Chemistry Knowledge Matches the Performance of Expert-developed QSAR/QSPR Models.
68c01408a55ba3d68128afe3,W2969597887,,"[{'name': 'Ke Zhang', 'id': 'https://openalex.org/A5100365767'}, {'name': 'Na Liu\u200e', 'id': 'https://openalex.org/A5100389786'}, {'name': 'Xingfang Yuan', 'id': 'https://openalex.org/A5078810594'}, {'name': 'Xinyao Guo', 'id': 'https://openalex.org/A5050296829'}, {'name': 'Ce Gao', 'id': 'https://openalex.org/A5101408864'}, {'name': 'Zhenbing Zhao', 'id': 'https://openalex.org/A5085263743'}, {'name': 'Zhanyu Ma', 'id': 'https://openalex.org/A5039812471'}]",107,"[{'name': 'Computer science', 'level': 0, 'score': 0.83931065}, {'name': 'Residual', 'level': 2, 'score': 0.68942016}, {'name': 'Face (sociological concept)', 'level': 2, 'score': 0.64869714}, {'name': 'Artificial intelligence', 'level': 1, 'score': 0.63140875}, {'name': 'Construct (python library)', 'level': 2, 'score': 0.5238343}]",2025-09-09 16:48:22.058,https://doi.org/10.1109/tcsvt.2019.2936410,2019-08-22,Fine-Grained Age Estimation in the Wild With Attention LSTM Networks
68c01408a55ba3d68128afe4,W4297730588,,"[{'name': 'Garrett B. Goh', 'id': 'https://openalex.org/A5072984510'}, {'name': 'Charles Siegel', 'id': 'https://openalex.org/A5058970517'}, {'name': 'Abhinav Vishnu', 'id': 'https://openalex.org/A5009322871'}, {'name': 'Nathan O. Hodas', 'id': 'https://openalex.org/A5023448303'}, {'name': 'Nathan Baker', 'id': 'https://openalex.org/A5076984889'}]",103,"[{'name': 'Quantitative structure–activity relationship', 'level': 2, 'score': 0.86604846}, {'name': 'Artificial intelligence', 'level': 1, 'score': 0.7623584}, {'name': 'Deep learning', 'level': 2, 'score': 0.75143504}, {'name': 'Convolutional neural network', 'level': 2, 'score': 0.7238771}, {'name': 'Artificial neural network', 'level': 2, 'score': 0.6935773}]",2025-09-09 16:48:22.059,https://doi.org/10.48550/arxiv.1706.06689,2017-01-01,Chemception: A Deep Neural Network with Minimal Chemistry Knowledge Matches the Performance of Expert-developed QSAR/QSPR Models
68c01408a55ba3d68128afe6,W3093478721,,"[{'name': 'Hongji Xu', 'id': 'https://openalex.org/A5089196186'}, {'name': 'Juan Li', 'id': 'https://openalex.org/A5100421016'}, {'name': 'Hui Yuan', 'id': 'https://openalex.org/A5109503334'}, {'name': 'Qiang Liu', 'id': 'https://openalex.org/A5100409495'}, {'name': 'Shidi Fan', 'id': 'https://openalex.org/A5020381488'}, {'name': 'Tiankuo Li', 'id': 'https://openalex.org/A5071672440'}, {'name': 'Xiaojie Sun', 'id': 'https://openalex.org/A5101897294'}]",102,"[{'name': 'Computer science', 'level': 0, 'score': 0.8163785}, {'name': 'Convolutional neural network', 'level': 2, 'score': 0.77153265}, {'name': 'Deep learning', 'level': 2, 'score': 0.7301683}, {'name': 'Artificial intelligence', 'level': 1, 'score': 0.7128407}, {'name': 'Wearable computer', 'level': 2, 'score': 0.5487181}]",2025-09-09 16:48:22.059,https://doi.org/10.1109/access.2020.3032699,2020-01-01,Human Activity Recognition Based on Gramian Angular Field and Deep Convolutional Neural Network
68c01408a55ba3d68128afe5,W3207506706,,"[{'name': 'Jianrong Zhang', 'id': 'https://openalex.org/A5041961237'}, {'name': 'Hongwei Zhao', 'id': 'https://openalex.org/A5101766813'}, {'name': 'Jiao Li', 'id': 'https://openalex.org/A5100419486'}]",99,"[{'name': 'Computer science', 'level': 0, 'score': 0.77321887}, {'name': 'Transformer', 'level': 3, 'score': 0.72000504}, {'name': 'Artificial intelligence', 'level': 1, 'score': 0.56308234}, {'name': 'Convolutional neural network', 'level': 2, 'score': 0.5529247}, {'name': 'Salient', 'level': 2, 'score': 0.4649106}]",2025-09-09 16:48:22.059,https://doi.org/10.3390/rs13204143,2021-10-16,TRS: Transformers for Remote Sensing Scene Classification
68c01408a55ba3d68128afe7,W3003509762,,"[{'name': 'Minghu Wu', 'id': 'https://openalex.org/A5101421342'}, {'name': 'Hanhui Yue', 'id': 'https://openalex.org/A5007218303'}, {'name': 'Juan Wang', 'id': 'https://openalex.org/A5100668004'}, {'name': 'Yongxi Huang', 'id': 'https://openalex.org/A5111801881'}, {'name': 'Min Liu', 'id': 'https://openalex.org/A5045453895'}, {'name': 'Yuhan Jiang', 'id': 'https://openalex.org/A5005115405'}, {'name': 'Cong Ke', 'id': 'https://openalex.org/A5110663864'}, {'name': 'Cheng Zeng', 'id': 'https://openalex.org/A5032622469'}]",89,"[{'name': 'Computer science', 'level': 0, 'score': 0.70133483}, {'name': 'Artificial intelligence', 'level': 1, 'score': 0.680486}, {'name': 'Pattern recognition (psychology)', 'level': 2, 'score': 0.5508827}, {'name': 'Object detection', 'level': 3, 'score': 0.4891265}, {'name': 'Computer vision', 'level': 1, 'score': 0.4880823}]",2025-09-09 16:48:22.063,https://doi.org/10.1049/iet-ipr.2019.0057,2020-01-30,Object detection based on RGC mask R‐CNN
68c01408a55ba3d68128afe8,W2963576971,,"[{'name': 'Yiwen Guo', 'id': 'https://openalex.org/A5067005644'}, {'name': 'Anbang Yao', 'id': 'https://openalex.org/A5025017745'}, {'name': 'Hao Zhao', 'id': 'https://openalex.org/A5025049450'}, {'name': 'Yurong Chen', 'id': 'https://openalex.org/A5100652865'}]",85,"[{'name': 'Computer science', 'level': 0, 'score': 0.8163942}, {'name': 'Convolutional neural network', 'level': 2, 'score': 0.69491076}, {'name': 'Binary number', 'level': 2, 'score': 0.6099165}, {'name': 'Artificial intelligence', 'level': 1, 'score': 0.56533134}, {'name': 'Deep learning', 'level': 2, 'score': 0.5372377}]",2025-09-09 16:48:22.064,https://doi.org/10.1109/cvpr.2017.430,2017-07-01,Network Sketching: Exploiting Binary Structure in Deep CNNs
68c01408a55ba3d68128afe9,W3044073403,,"[{'name': 'Roshan A. Welikala', 'id': 'https://openalex.org/A5027030560'}, {'name': 'Paolo Remagnino', 'id': 'https://openalex.org/A5000187752'}, {'name': 'Jian Han Lim', 'id': 'https://openalex.org/A5045940369'}, {'name': 'Chee Seng Chan', 'id': 'https://openalex.org/A5070805897'}, {'name': 'Senthilmani Rajendran', 'id': 'https://openalex.org/A5026682773'}, {'name': 'Thomas George Kallarakkal', 'id': 'https://openalex.org/A5052658683'}, {'name': 'Rosnah Binti Zain', 'id': 'https://openalex.org/A5057031481'}, {'name': 'Ruwan Duminda Jayasinghe', 'id': 'https://openalex.org/A5077024656'}, {'name': 'Jyotsna Rimal', 'id': 'https://openalex.org/A5025309360'}, {'name': 'Alexander Ross Kerr', 'id': 'https://openalex.org/A5059503850'}, {'name': 'Rahmi Amtha', 'id': 'https://openalex.org/A5057879006'}, {'name': 'Karthikeya Patil', 'id': 'https://openalex.org/A5081665118'}, {'name': 'Wanninayake Mudiyanselage Tilakaratne', 'id': 'https://openalex.org/A5048104626'}, {'name': 'John Gibson', 'id': 'https://openalex.org/A5101441123'}, {'name': 'Sok Ching Cheong', 'id': 'https://openalex.org/A5013068093'}, {'name': 'Sarah Barman', 'id': 'https://openalex.org/A5036785197'}]",261,"[{'name': 'Artificial intelligence', 'level': 1, 'score': 0.73404056}, {'name': 'Computer science', 'level': 0, 'score': 0.68966496}, {'name': 'Deep learning', 'level': 2, 'score': 0.6812608}, {'name': 'Object detection', 'level': 3, 'score': 0.6244552}, {'name': 'Contextual image classification', 'level': 3, 'score': 0.5123433}]",2025-09-09 16:48:22.056,https://doi.org/10.1109/access.2020.3010180,2020-01-01,Automated Detection and Classification of Oral Lesions Using Deep Learning for Early Detection of Oral Cancer
68c01408a55ba3d68128afea,W2964098911,,"[{'name': 'Zeyuan Allen-Zhu', 'id': 'https://openalex.org/A5048981295'}, {'name': 'Yuanzhi Li', 'id': 'https://openalex.org/A5101879892'}, {'name': 'Zhao Song', 'id': 'https://openalex.org/A5103280080'}]",185,"[{'name': 'Computer science', 'level': 0, 'score': 0.6703552}, {'name': 'Artificial neural network', 'level': 2, 'score': 0.645453}, {'name': 'Convergence (economics)', 'level': 2, 'score': 0.6063516}, {'name': 'Stochastic gradient descent', 'level': 3, 'score': 0.5876866}, {'name': 'Parameterized complexity', 'level': 2, 'score': 0.5576969}]",2025-09-09 16:48:22.056,,2018-11-09,A Convergence Theory for Deep Learning via Over-Parameterization
68c0165da55ba3d68128b01f,W2103282498,,"[{'name': 'Daniel Loss', 'id': 'https://openalex.org/A5010879789'}, {'name': 'David P. DiVincenzo', 'id': 'https://openalex.org/A5056095913'}]",6533,"[{'name': 'Quantum decoherence', 'level': 3, 'score': 0.7039209}, {'name': 'Quantum computer', 'level': 3, 'score': 0.6787064}, {'name': 'Quantum dot', 'level': 2, 'score': 0.6632827}, {'name': 'Universal set', 'level': 3, 'score': 0.63148177}, {'name': 'Quantum tunnelling', 'level': 2, 'score': 0.6275652}]",2025-09-09 16:58:21.118,https://doi.org/10.1103/physreva.57.120,1998-01-01,Quantum computation with quantum dots
68c0165da55ba3d68128b020,W3111297213,,"[{'name': 'Peter W. Shor', 'id': 'https://openalex.org/A5020744800'}]",5595,"[{'name': 'Quantum computer', 'level': 3, 'score': 0.733381}, {'name': 'Integer factorization', 'level': 4, 'score': 0.698408}, {'name': 'Discrete logarithm', 'level': 4, 'score': 0.6982103}, {'name': 'Prime factor', 'level': 3, 'score': 0.6235528}, {'name': 'Quantum algorithm', 'level': 3, 'score': 0.56102717}]",2025-09-09 16:58:21.296,https://doi.org/10.1137/s0097539795293172,1997-10-01,Polynomial-Time Algorithms for Prime Factorization and Discrete Logarithms on a Quantum Computer
68c0165da55ba3d68128b021,W4211019631,,"[{'name': 'L. Gammaitoni', 'id': 'https://openalex.org/A5019347333'}, {'name': 'Peter Hänggi', 'id': 'https://openalex.org/A5058886467'}, {'name': 'Peter Jung', 'id': 'https://openalex.org/A5015245862'}, {'name': 'Fabio Marchesoni', 'id': 'https://openalex.org/A5062681561'}]",5121,"[{'name': 'Stochastic resonance', 'level': 4, 'score': 0.9407086}, {'name': 'Bistability', 'level': 2, 'score': 0.7898959}, {'name': 'Physics', 'level': 0, 'score': 0.68221116}, {'name': 'Context (archaeology)', 'level': 2, 'score': 0.6654537}, {'name': 'Resonance (particle physics)', 'level': 2, 'score': 0.64966}]",2025-09-09 16:58:21.476,https://doi.org/10.1103/revmodphys.70.223,1998-01-01,Stochastic resonance
68c0165da55ba3d68128b022,W2148132004,,"[{'name': 'David Deutsch', 'id': 'https://openalex.org/A5050850280'}]",4430,"[{'name': 'Quantum Turing machine', 'level': 5, 'score': 0.87998784}, {'name': 'Turing machine', 'level': 3, 'score': 0.7500838}, {'name': 'Universal Turing machine', 'level': 4, 'score': 0.67910177}, {'name': 'Quantum computer', 'level': 3, 'score': 0.6723376}, {'name': 'Super-recursive algorithm', 'level': 5, 'score': 0.6039822}]",2025-09-09 16:58:21.654,https://doi.org/10.1098/rspa.1985.0070,1985-07-08,"Quantum theory, the Church–Turing principle and the universal quantum computer"
68c0165ea55ba3d68128b023,W2110283120,,"[{'name': 'Shinsei Ryu', 'id': 'https://openalex.org/A5053662519'}, {'name': 'Tadashi Takayanagi', 'id': 'https://openalex.org/A5006805473'}]",3917,"[{'name': 'Quantum entanglement', 'level': 3, 'score': 0.79019034}, {'name': 'Physics', 'level': 0, 'score': 0.760302}, {'name': 'Conformal field theory', 'level': 3, 'score': 0.7343298}, {'name': 'Entropy (arrow of time)', 'level': 2, 'score': 0.5650414}, {'name': 'Mathematical physics', 'level': 1, 'score': 0.5581734}]",2025-09-09 16:58:21.832,https://doi.org/10.1103/physrevlett.96.181602,2006-05-09,Holographic Derivation of Entanglement Entropy from the anti–de Sitter Space/Conformal Field Theory Correspondence
68c0165ea55ba3d68128b024,W1966949133,,"[{'name': 'Julia Contreras‐García', 'id': 'https://openalex.org/A5090502474'}, {'name': 'Erin R. Johnson', 'id': 'https://openalex.org/A5057923625'}, {'name': 'Shahar Keinan', 'id': 'https://openalex.org/A5019520743'}, {'name': 'Robin Chaudret', 'id': 'https://openalex.org/A5014253065'}, {'name': 'Jean‐Philip Piquemal', 'id': 'https://openalex.org/A5036142396'}, {'name': 'David N. Beratan', 'id': 'https://openalex.org/A5003618068'}, {'name': 'Weitao Yang', 'id': 'https://openalex.org/A5019365851'}]",3524,"[{'name': 'Computer science', 'level': 0, 'score': 0.51011926}, {'name': 'Non-covalent interactions', 'level': 4, 'score': 0.49899983}, {'name': 'Computer graphics (images)', 'level': 1, 'score': 0.32995316}, {'name': 'Human–computer interaction', 'level': 1, 'score': 0.32433844}, {'name': 'Chemistry', 'level': 0, 'score': 0.2492466}]",2025-09-09 16:58:22.009,https://doi.org/10.1021/ct100641a,2011-01-25,NCIPLOT: A Program for Plotting Noncovalent Interaction Regions
68c0165ea55ba3d68128b025,W2049161806,,"[{'name': 'Gilbert Strang', 'id': 'https://openalex.org/A5009693218'}]",3375,"[{'name': 'Mathematics', 'level': 0, 'score': 0.78040814}, {'name': 'Finite difference', 'level': 2, 'score': 0.42270827}, {'name': 'Applied mathematics', 'level': 1, 'score': 0.38848436}, {'name': 'Calculus (dental)', 'level': 2, 'score': 0.35495698}, {'name': 'Mathematical analysis', 'level': 1, 'score': 0.30184457}]",2025-09-09 16:58:22.188,https://doi.org/10.1137/0705041,1968-09-01,On the Construction and Comparison of Difference Schemes
68c0165ea55ba3d68128b026,W2038531793,,"[{'name': 'Douglas R. Hofstadter', 'id': 'https://openalex.org/A5072338864'}]",3338,"[{'name': 'Hamiltonian (control theory)', 'level': 2, 'score': 0.63212}, {'name': 'Dimensionless quantity', 'level': 2, 'score': 0.54942155}, {'name': 'Eigenvalues and eigenvectors', 'level': 2, 'score': 0.5315965}, {'name': 'Physics', 'level': 0, 'score': 0.53075576}, {'name': 'Magnetic field', 'level': 2, 'score': 0.48854288}]",2025-09-09 16:58:22.365,https://doi.org/10.1103/physrevb.14.2239,1976-09-15,Energy levels and wave functions of Bloch electrons in rational and irrational magnetic fields
68c0165ea55ba3d68128b027,W2026172453,,"[{'name': 'Yihan Shao', 'id': 'https://openalex.org/A5004651618'}, {'name': 'Zhengting Gan', 'id': 'https://openalex.org/A5089406737'}, {'name': 'Evgeny Epifanovsky', 'id': 'https://openalex.org/A5034152500'}, {'name': 'Andrew T. B. Gilbert', 'id': 'https://openalex.org/A5031268839'}, {'name': 'Michael Wormit', 'id': 'https://openalex.org/A5058260221'}, {'name': 'Jörg Kußmann', 'id': 'https://openalex.org/A5065391607'}, {'name': 'Adrian W. Lange', 'id': 'https://openalex.org/A5018575713'}, {'name': 'Andrew Behn', 'id': 'https://openalex.org/A5071582862'}, {'name': 'Jia Deng', 'id': 'https://openalex.org/A5019253005'}, {'name': 'Xintian Feng', 'id': 'https://openalex.org/A5010267150'}, {'name': 'Debashree Ghosh', 'id': 'https://openalex.org/A5027789887'}, {'name': 'Matthew Goldey', 'id': 'https://openalex.org/A5055313088'}, {'name': 'Paul R. Horn', 'id': 'https://openalex.org/A5052821785'}, {'name': 'Leif D. Jacobson', 'id': 'https://openalex.org/A5041826406'}, {'name': 'Ilya Kaliman', 'id': 'https://openalex.org/A5003752378'}, {'name': 'Rustam Z. Khaliullin', 'id': 'https://openalex.org/A5041593378'}, {'name': 'Tomasz Kuś', 'id': 'https://openalex.org/A5048148071'}, {'name': 'Arie Landau', 'id': 'https://openalex.org/A5012867498'}, {'name': 'Jie Liu', 'id': 'https://openalex.org/A5055280461'}, {'name': 'Emil Proynov', 'id': 'https://openalex.org/A5023986237'}, {'name': 'Young Min Rhee', 'id': 'https://openalex.org/A5002710135'}, {'name': 'Ryan M. Richard', 'id': 'https://openalex.org/A5043107391'}, {'name': 'Mary A. Rohrdanz', 'id': 'https://openalex.org/A5037858570'}, {'name': 'Ryan P. Steele', 'id': 'https://openalex.org/A5055988079'}, {'name': 'Eric J. Sundstrom', 'id': 'https://openalex.org/A5054830513'}, {'name': 'H. Lee Woodcock', 'id': 'https://openalex.org/A5037901921'}, {'name': 'Paul M. Zimmerman', 'id': 'https://openalex.org/A5042777510'}, {'name': 'Dmitry Zuev', 'id': 'https://openalex.org/A5069892231'}, {'name': 'Ben Albrecht', 'id': 'https://openalex.org/A5012669497'}, {'name': 'Ethan Alguire', 'id': 'https://openalex.org/A5044774812'}, {'name': 'Brian Austin', 'id': 'https://openalex.org/A5055945855'}, {'name': 'Gregory J. O. Beran', 'id': 'https://openalex.org/A5040293891'}, {'name': 'Yves Bernard', 'id': 'https://openalex.org/A5079434614'}, {'name': 'Eric Berquist', 'id': 'https://openalex.org/A5039191133'}, {'name': 'Kai Brandhorst', 'id': 'https://openalex.org/A5037871429'}, {'name': 'Ksenia B. Bravaya', 'id': 'https://openalex.org/A5025117389'}, {'name': 'Shawn T. Brown', 'id': 'https://openalex.org/A5068134371'}, {'name': 'David Casanova', 'id': 'https://openalex.org/A5045130376'}, {'name': 'C C Chang', 'id': 'https://openalex.org/A5062697484'}, {'name': 'Yunqing Chen', 'id': 'https://openalex.org/A5015551771'}, {'name': 'Siu Hung Chien', 'id': 'https://openalex.org/A5113670803'}, {'name': 'Kristina D. Closser', 'id': 'https://openalex.org/A5044410850'}, {'name': 'Deborah L. Crittenden', 'id': 'https://openalex.org/A5076423650'}, {'name': 'Michael Diedenhofen', 'id': 'https://openalex.org/A5037926718'}, {'name': 'Robert A. DiStasio', 'id': 'https://openalex.org/A5007948017'}, {'name': 'Hainam Do', 'id': 'https://openalex.org/A5038963237'}, {'name': 'Anthony D. Dutoi', 'id': 'https://openalex.org/A5010812886'}, {'name': 'Richard G. Edgar', 'id': 'https://openalex.org/A5071199858'}, {'name': 'Shervin Fatehi', 'id': 'https://openalex.org/A5046266384'}, {'name': 'László Füsti-Molnár', 'id': 'https://openalex.org/A5060698456'}, {'name': 'An Ghysels', 'id': 'https://openalex.org/A5015471372'}, {'name': 'Anna Golubeva-Zadorozhnaya', 'id': 'https://openalex.org/A5076633334'}, {'name': 'Joseph Gomes', 'id': 'https://openalex.org/A5105988235'}, {'name': 'Magnus W. D. Hanson‐Heine', 'id': 'https://openalex.org/A5031843826'}, {'name': 'Philipp H. P. Harbach', 'id': 'https://openalex.org/A5069474722'}, {'name': 'Andreas Hauser', 'id': 'https://openalex.org/A5069029201'}, {'name': 'Edward G. Hohenstein', 'id': 'https://openalex.org/A5040826329'}, {'name': 'Zachary C. Holden', 'id': 'https://openalex.org/A5007584955'}, {'name': 'Thomas‐C. Jagau', 'id': 'https://openalex.org/A5045088990'}, {'name': 'Hyunjun Ji', 'id': 'https://openalex.org/A5083957299'}, {'name': 'Benjamin Kaduk', 'id': 'https://openalex.org/A5062448271'}, {'name': 'Kirill Khistyaev', 'id': 'https://openalex.org/A5032933519'}, {'name': 'Jaehoon Kim', 'id': 'https://openalex.org/A5100347873'}, {'name': 'Jihan Kim', 'id': 'https://openalex.org/A5018605846'}, {'name': 'Rollin A. King', 'id': 'https://openalex.org/A5084390219'}, {'name': 'Phil Klunzinger', 'id': 'https://openalex.org/A5080839992'}, {'name': 'Dmytro Kosenkov', 'id': 'https://openalex.org/A5074521314'}, {'name': 'Tim Kowalczyk', 'id': 'https://openalex.org/A5029240421'}, {'name': 'Caroline M. Krauter', 'id': 'https://openalex.org/A5079564593'}, {'name': 'Ka Un Lao', 'id': 'https://openalex.org/A5058617942'}, {'name': 'Adèle D. Laurent', 'id': 'https://openalex.org/A5039908328'}, {'name': 'Keith V. Lawler', 'id': 'https://openalex.org/A5086364658'}, {'name': 'Sergey V. Levchenko', 'id': 'https://openalex.org/A5041805700'}, {'name': 'Ching Yeh Lin', 'id': 'https://openalex.org/A5112614302'}, {'name': 'Fenglai Liu', 'id': 'https://openalex.org/A5004539806'}, {'name': 'Ester Livshits', 'id': 'https://openalex.org/A5080673316'}, {'name': 'Rohini C. Lochan', 'id': 'https://openalex.org/A5018424181'}, {'name': 'Arne Luenser', 'id': 'https://openalex.org/A5068618895'}, {'name': 'Prashant Uday Manohar', 'id': 'https://openalex.org/A5022533784'}, {'name': 'Samuel F. Manzer', 'id': 'https://openalex.org/A5032905289'}, {'name': 'Shan-Ping Mao', 'id': 'https://openalex.org/A5035863053'}, {'name': 'Narbe Mardirossian', 'id': 'https://openalex.org/A5091242410'}, {'name': 'Aleksandr V. Marenich', 'id': 'https://openalex.org/A5061017744'}, {'name': 'Simon A. Maurer', 'id': 'https://openalex.org/A5110353073'}, {'name': 'Nicholas J. Mayhall', 'id': 'https://openalex.org/A5078991971'}, {'name': 'Eric Neuscamman', 'id': 'https://openalex.org/A5006578267'}, {'name': 'C. Melania Oana', 'id': 'https://openalex.org/A5013164677'}, {'name': 'Roberto Olivares‐Amaya', 'id': 'https://openalex.org/A5045020644'}, {'name': ""D.P. O'Neill"", 'id': 'https://openalex.org/A5090564753'}, {'name': 'John Parkhill', 'id': 'https://openalex.org/A5026991176'}, {'name': 'Trilisa M. Perrine', 'id': 'https://openalex.org/A5018730738'}, {'name': 'Roberto Peverati', 'id': 'https://openalex.org/A5011836705'}, {'name': 'Alexander Prociuk', 'id': 'https://openalex.org/A5071851296'}, {'name': 'Dirk R. Rehn', 'id': 'https://openalex.org/A5052839444'}, {'name': 'Edina Rosta', 'id': 'https://openalex.org/A5079404524'}, {'name': 'Nicholas J. Russ', 'id': 'https://openalex.org/A5075903071'}, {'name': 'Shaama Mallikarjun Sharada', 'id': 'https://openalex.org/A5014791144'}, {'name': 'Sandeep Sharma', 'id': 'https://openalex.org/A5053213854'}, {'name': 'David W. Small', 'id': 'https://openalex.org/A5058321158'}, {'name': 'Alexander J. Sodt', 'id': 'https://openalex.org/A5008156577'}]",2982,"[{'name': 'Chemistry', 'level': 0, 'score': 0.5132537}, {'name': 'Excited state', 'level': 2, 'score': 0.5039241}, {'name': 'Quantum chemistry', 'level': 4, 'score': 0.5006795}, {'name': 'Density functional theory', 'level': 2, 'score': 0.48352337}, {'name': 'Computational chemistry', 'level': 1, 'score': 0.46452057}]",2025-09-09 16:58:22.545,https://doi.org/10.1080/00268976.2014.952696,2014-09-03,Advances in molecular quantum chemistry contained in the Q-Chem 4 program package
68c01744a55ba3d68128b03a,W893234787,,"[{'name': 'Melanie Swan', 'id': 'https://openalex.org/A5076126160'}]",3335,"[{'name': 'Blockchain', 'level': 2, 'score': 0.9675294}, {'name': 'Cryptocurrency', 'level': 2, 'score': 0.7736368}, {'name': 'Digital currency', 'level': 3, 'score': 0.59990937}, {'name': 'Blueprint', 'level': 2, 'score': 0.55957186}, {'name': 'Currency', 'level': 2, 'score': 0.43072206}]",2025-09-09 17:02:12.365,,2015-01-24,Blockchain: Blueprint for a New Economy
68c01744a55ba3d68128b03b,W4300127641,,"[{'name': 'Elli Androulaki', 'id': 'https://openalex.org/A5009566302'}, {'name': 'Artem Barger', 'id': 'https://openalex.org/A5082771184'}, {'name': 'Vita Bortnikov', 'id': 'https://openalex.org/A5027601046'}, {'name': 'Christian Cachin', 'id': 'https://openalex.org/A5054120489'}, {'name': 'Konstantinos Christidis', 'id': 'https://openalex.org/A5101963506'}, {'name': 'Angelo De', 'id': 'https://openalex.org/A5102736721'}, {'name': 'David Enyeart', 'id': 'https://openalex.org/A5077810630'}, {'name': 'Christopher Ferris', 'id': 'https://openalex.org/A5067476875'}, {'name': 'Gennady Laventman', 'id': 'https://openalex.org/A5034807409'}, {'name': 'Yacov Manevich', 'id': 'https://openalex.org/A5056615124'}, {'name': 'S. Muralidharan', 'id': 'https://openalex.org/A5003833505'}, {'name': 'Chet Murthy', 'id': 'https://openalex.org/A5103914025'}, {'name': 'Binh Nguyen', 'id': 'https://openalex.org/A5108061473'}, {'name': 'Manish Sethi', 'id': 'https://openalex.org/A5110047220'}, {'name': 'Gari Singh', 'id': 'https://openalex.org/A5075657523'}, {'name': 'Keith Smith', 'id': 'https://openalex.org/A5109479101'}, {'name': 'Alessandro Sorniotti', 'id': 'https://openalex.org/A5009910864'}, {'name': 'Chrysoula Stathakopoulou', 'id': 'https://openalex.org/A5006516718'}, {'name': 'Marko Vukolić', 'id': 'https://openalex.org/A5051442533'}, {'name': 'Sharon Weed Cocco', 'id': 'https://openalex.org/A5061973907'}, {'name': 'Jason Yellick', 'id': 'https://openalex.org/A5010204636'}]",2835,"[{'name': 'Computer science', 'level': 0, 'score': 0.8155436}, {'name': 'Cryptocurrency', 'level': 2, 'score': 0.67587405}, {'name': 'Modular design', 'level': 2, 'score': 0.56990755}, {'name': 'Distributed computing', 'level': 1, 'score': 0.46295908}, {'name': 'Extensibility', 'level': 2, 'score': 0.4513702}]",2025-09-09 17:02:12.564,https://doi.org/10.1145/3190508.3190538,2018-04-18,Hyperledger fabric
68c01745a55ba3d68128b03c,W2527800909,,"[{'name': 'Jesse Yli-Huumo', 'id': 'https://openalex.org/A5076245592'}, {'name': 'Deokyoon Ko', 'id': 'https://openalex.org/A5079664528'}, {'name': 'Sujin Choi', 'id': 'https://openalex.org/A5005043972'}, {'name': 'Sooyong Park', 'id': 'https://openalex.org/A5076950125'}, {'name': 'Kari Smolander', 'id': 'https://openalex.org/A5056964643'}]",2094,"[{'name': 'Blockchain', 'level': 2, 'score': 0.9633658}, {'name': 'Cryptocurrency', 'level': 2, 'score': 0.7920645}, {'name': 'Computer science', 'level': 0, 'score': 0.64294165}, {'name': 'Scalability', 'level': 2, 'score': 0.5762889}, {'name': 'Data science', 'level': 1, 'score': 0.5568917}]",2025-09-09 17:02:12.742,https://doi.org/10.1371/journal.pone.0163477,2016-10-03,Where Is Current Research on Blockchain Technology?—A Systematic Review
68c01745a55ba3d68128b03e,W2517744317,,"[{'name': 'Ahmed E. Kosba', 'id': 'https://openalex.org/A5047499714'}, {'name': 'Andrew Miller', 'id': 'https://openalex.org/A5005295367'}, {'name': 'Elaine Shi', 'id': 'https://openalex.org/A5089202539'}, {'name': 'Zikai Alex Wen', 'id': 'https://openalex.org/A5080515725'}, {'name': 'Charalampos Papamanthou', 'id': 'https://openalex.org/A5056111614'}]",2038,"[{'name': 'Blockchain', 'level': 2, 'score': 0.8434379}, {'name': 'Computer science', 'level': 0, 'score': 0.78481036}, {'name': 'Computer security', 'level': 1, 'score': 0.7496736}, {'name': 'Cryptography', 'level': 2, 'score': 0.66056484}, {'name': 'Cryptocurrency', 'level': 2, 'score': 0.61894685}]",2025-09-09 17:02:12.920,https://doi.org/10.1109/sp.2016.55,2016-05-01,Hawk: The Blockchain Model of Cryptography and Privacy-Preserving Smart Contracts
68c01745a55ba3d68128b03f,W2539190473,,"[{'name': 'Loi Luu', 'id': 'https://openalex.org/A5059416296'}, {'name': 'Duc-Hiep Chu', 'id': 'https://openalex.org/A5042378793'}, {'name': 'Hrishi Olickel', 'id': 'https://openalex.org/A5023072047'}, {'name': 'Prateek Saxena', 'id': 'https://openalex.org/A5034054081'}, {'name': 'Aquinas Hobor', 'id': 'https://openalex.org/A5068282643'}]",1981,"[{'name': 'Cryptocurrency', 'level': 2, 'score': 0.95474946}, {'name': 'Blockchain', 'level': 2, 'score': 0.7498069}, {'name': 'Smart contract', 'level': 3, 'score': 0.69653535}, {'name': 'Scripting language', 'level': 2, 'score': 0.68043584}, {'name': 'Computer science', 'level': 0, 'score': 0.66831374}]",2025-09-09 17:02:13.097,https://doi.org/10.1145/2976749.2978309,2016-10-24,Making Smart Contracts Smarter
68c01745a55ba3d68128b040,W3102661748,,"[{'name': 'Elli Androulaki', 'id': 'https://openalex.org/A5009566302'}, {'name': 'Artem Barger', 'id': 'https://openalex.org/A5082771184'}, {'name': 'Vita Bortnikov', 'id': 'https://openalex.org/A5027601046'}, {'name': 'Christian Cachin', 'id': 'https://openalex.org/A5054120489'}, {'name': 'Konstantinos Christidis', 'id': 'https://openalex.org/A5101963506'}, {'name': 'Angelo De', 'id': 'https://openalex.org/A5102736721'}, {'name': 'David Enyeart', 'id': 'https://openalex.org/A5077810630'}, {'name': 'Christopher Ferris', 'id': 'https://openalex.org/A5067476875'}, {'name': 'Gennady Laventman', 'id': 'https://openalex.org/A5034807409'}, {'name': 'Yacov Manevich', 'id': 'https://openalex.org/A5056615124'}, {'name': 'S. Muralidharan', 'id': 'https://openalex.org/A5003833505'}, {'name': 'Chet Murthy', 'id': 'https://openalex.org/A5103914025'}, {'name': 'Binh Nguyen', 'id': 'https://openalex.org/A5108061473'}, {'name': 'Manish Sethi', 'id': 'https://openalex.org/A5110047220'}, {'name': 'Gari Singh', 'id': 'https://openalex.org/A5075657523'}, {'name': 'Keith Smith', 'id': 'https://openalex.org/A5109479101'}, {'name': 'Alessandro Sorniotti', 'id': 'https://openalex.org/A5009910864'}, {'name': 'Chrysoula Stathakopoulou', 'id': 'https://openalex.org/A5006516718'}, {'name': 'Marko Vukolić', 'id': 'https://openalex.org/A5051442533'}, {'name': 'Sharon Weed Cocco', 'id': 'https://openalex.org/A5061973907'}, {'name': 'Jason Yellick', 'id': 'https://openalex.org/A5010204636'}]",1661,"[{'name': 'Computer science', 'level': 0, 'score': 0.8060111}, {'name': 'Cryptocurrency', 'level': 2, 'score': 0.6683998}, {'name': 'Modular design', 'level': 2, 'score': 0.57216305}, {'name': 'Distributed computing', 'level': 1, 'score': 0.49652392}, {'name': 'Flexibility (engineering)', 'level': 2, 'score': 0.44809982}]",2025-09-09 17:02:13.310,,2018-04-23,Hyperledger fabric: a distributed operating system for permissioned blockchains
68c01745a55ba3d68128b041,W4255535209,,"[{'name': 'Huaimin Wang', 'id': 'https://openalex.org/A5101522100'}, {'name': 'Zibin Zheng', 'id': 'https://openalex.org/A5000582109'}, {'name': 'Shaoan Xie', 'id': 'https://openalex.org/A5101844572'}, {'name': 'Hong‐Ning Dai', 'id': 'https://openalex.org/A5072659343'}, {'name': 'Xiangping Chen', 'id': 'https://openalex.org/A5101601497'}]",1553,"[{'name': 'Blockchain', 'level': 2, 'score': 0.98853743}, {'name': 'Cryptocurrency', 'level': 2, 'score': 0.72921157}, {'name': 'Anonymity', 'level': 2, 'score': 0.6038451}, {'name': 'Computer science', 'level': 0, 'score': 0.601493}, {'name': 'Decentralization', 'level': 2, 'score': 0.51742065}]",2025-09-09 17:02:13.489,https://doi.org/10.1504/ijwgs.2018.10016848,2018-01-01,Blockchain challenges and opportunities: a survey
68c01746a55ba3d68128b042,W2795321837,,"[{'name': 'Peter Gomber', 'id': 'https://openalex.org/A5033674512'}, {'name': 'Robert J. Kauffman', 'id': 'https://openalex.org/A5082290474'}, {'name': 'Chris Parker', 'id': 'https://openalex.org/A5084282167'}, {'name': 'Bruce W. Weber', 'id': 'https://openalex.org/A5082989783'}]",1488,"[{'name': 'Financial services', 'level': 2, 'score': 0.80465305}, {'name': 'Business', 'level': 0, 'score': 0.6232996}, {'name': 'FinTech', 'level': 3, 'score': 0.5803857}, {'name': 'Financial innovation', 'level': 2, 'score': 0.5623983}, {'name': 'Payment service provider', 'level': 3, 'score': 0.49789643}]",2025-09-09 17:02:13.671,https://doi.org/10.1080/07421222.2018.1440766,2018-01-02,"On the Fintech Revolution: Interpreting the Forces of Innovation, Disruption, and Transformation in Financial Services"
68c01746a55ba3d68128b043,W2536325433,,"[{'name': 'Arthur Gervais', 'id': 'https://openalex.org/A5063253761'}, {'name': 'Ghassan Karame', 'id': 'https://openalex.org/A5059087800'}, {'name': 'Karl Wüst', 'id': 'https://openalex.org/A5065877761'}, {'name': 'Vasileios Glykantzis', 'id': 'https://openalex.org/A5071187022'}, {'name': 'Hubert Ritzdorf', 'id': 'https://openalex.org/A5005473892'}, {'name': 'Srđjan Čapkun', 'id': 'https://openalex.org/A5077290467'}]",1484,"[{'name': 'Proof-of-work system', 'level': 3, 'score': 0.8837734}, {'name': 'Cryptocurrency', 'level': 2, 'score': 0.8226949}, {'name': 'Computer science', 'level': 0, 'score': 0.70749134}, {'name': 'Implementation', 'level': 2, 'score': 0.62569165}, {'name': 'Computer security', 'level': 1, 'score': 0.61343193}]",2025-09-09 17:02:13.852,https://doi.org/10.1145/2976749.2978341,2016-10-24,On the Security and Performance of Proof of Work Blockchains
68c01746a55ba3d68128b044,W2535104337,,"[{'name': 'Loi Luu', 'id': 'https://openalex.org/A5059416296'}, {'name': 'Viswesh Narayanan', 'id': 'https://openalex.org/A5103381814'}, {'name': 'Chaodong Zheng', 'id': 'https://openalex.org/A5036490031'}, {'name': 'Kunal Baweja', 'id': 'https://openalex.org/A5070368025'}, {'name': 'Seth Gilbert', 'id': 'https://openalex.org/A5042520814'}, {'name': 'Prateek Saxena', 'id': 'https://openalex.org/A5034054081'}]",1248,"[{'name': 'Computer science', 'level': 0, 'score': 0.7861406}, {'name': 'Scalability', 'level': 2, 'score': 0.7447501}, {'name': 'Protocol (science)', 'level': 3, 'score': 0.71604156}, {'name': 'Cryptocurrency', 'level': 2, 'score': 0.71355224}, {'name': 'Blockchain', 'level': 2, 'score': 0.6781635}]",2025-09-09 17:02:14.030,https://doi.org/10.1145/2976749.2978389,2016-10-24,A Secure Sharding Protocol For Open Blockchains
68c01746a55ba3d68128b045,W2805930283,,"[{'name': 'Tiago M. Fernández‐Caramés', 'id': 'https://openalex.org/A5081216987'}, {'name': 'Paula Fraga‐Lamas', 'id': 'https://openalex.org/A5090443440'}]",991,"[{'name': 'Blockchain', 'level': 2, 'score': 0.9392266}, {'name': 'Internet of Things', 'level': 2, 'score': 0.66734564}, {'name': 'Computer science', 'level': 0, 'score': 0.65391165}, {'name': 'Internet privacy', 'level': 1, 'score': 0.49937177}, {'name': 'Computer security', 'level': 1, 'score': 0.4942365}]",2025-09-09 17:02:14.208,https://doi.org/10.1109/access.2018.2842685,2018-01-01,A Review on the Use of Blockchain for the Internet of Things
68c01746a55ba3d68128b046,W2624307925,,"[{'name': 'Mauro Conti', 'id': 'https://openalex.org/A5063847107'}, {'name': 'E. Sandeep Kumar', 'id': 'https://openalex.org/A5110286991'}, {'name': 'Chhagan Lal', 'id': 'https://openalex.org/A5036392899'}, {'name': 'Sushmita Ruj', 'id': 'https://openalex.org/A5032506814'}]",973,"[{'name': 'Cryptocurrency', 'level': 2, 'score': 0.79659593}, {'name': 'Computer security', 'level': 1, 'score': 0.7334049}, {'name': 'Exploit', 'level': 2, 'score': 0.6662763}, {'name': 'Anonymity', 'level': 2, 'score': 0.60846865}, {'name': 'Computer science', 'level': 0, 'score': 0.57714653}]",2025-09-09 17:02:14.385,https://doi.org/10.1109/comst.2018.2842460,2018-01-01,A Survey on Security and Privacy Issues of Bitcoin
68c01746a55ba3d68128b047,W2914735843,,"[{'name': 'Shuai Wang', 'id': 'https://openalex.org/A5100328277'}, {'name': 'Liwei Ouyang', 'id': 'https://openalex.org/A5091630356'}, {'name': 'Yong Yuan', 'id': 'https://openalex.org/A5110476655'}, {'name': 'Xiaochun Ni', 'id': 'https://openalex.org/A5024680021'}, {'name': 'Xuan Han', 'id': 'https://openalex.org/A5101744224'}, {'name': 'Fei‐Yue Wang', 'id': 'https://openalex.org/A5113600509'}]",960,"[{'name': 'Blockchain', 'level': 2, 'score': 0.8622177}, {'name': 'Architecture', 'level': 2, 'score': 0.5721054}, {'name': 'Computer science', 'level': 0, 'score': 0.4916082}, {'name': 'Computer security', 'level': 1, 'score': 0.33421546}, {'name': 'Geography', 'level': 0, 'score': 0.0840036}]",2025-09-09 17:02:14.563,https://doi.org/10.1109/tsmc.2019.2895123,2019-02-15,"Blockchain-Enabled Smart Contracts: Architecture, Applications, and Future Trends"
68c01747a55ba3d68128b048,W2969971691,,"[{'name': 'Ahmed Afif Monrat', 'id': 'https://openalex.org/A5076836510'}, {'name': 'Olov Schelén', 'id': 'https://openalex.org/A5001847415'}, {'name': 'Karl Andersson', 'id': 'https://openalex.org/A5081206139'}]",936,"[{'name': 'Blockchain', 'level': 2, 'score': 0.96495813}, {'name': 'Cryptocurrency', 'level': 2, 'score': 0.8357446}, {'name': 'Immutability', 'level': 3, 'score': 0.8190933}, {'name': 'Computer science', 'level': 0, 'score': 0.7219676}, {'name': 'Interoperability', 'level': 2, 'score': 0.72177136}]",2025-09-09 17:02:14.742,https://doi.org/10.1109/access.2019.2936094,2019-01-01,"A Survey of Blockchain From the Perspectives of Applications, Challenges, and Opportunities"
68c01747a55ba3d68128b049,W2907683311,,"[{'name': 'Khaled Salah', 'id': 'https://openalex.org/A5028133110'}, {'name': 'Muhammad Habib ur Rehman', 'id': 'https://openalex.org/A5056165063'}, {'name': 'Nishara Nizamuddin', 'id': 'https://openalex.org/A5080284212'}, {'name': 'Ala Al‐Fuqaha', 'id': 'https://openalex.org/A5008695053'}]",866,"[{'name': 'Blockchain', 'level': 2, 'score': 0.97933364}, {'name': 'Cryptocurrency', 'level': 2, 'score': 0.8751224}, {'name': 'Computer science', 'level': 0, 'score': 0.75897586}, {'name': 'Distributed ledger', 'level': 3, 'score': 0.6965972}, {'name': 'Smart contract', 'level': 3, 'score': 0.61122966}]",2025-09-09 17:02:14.919,https://doi.org/10.1109/access.2018.2890507,2019-01-01,Blockchain for AI: Review and Open Research Challenges
